Department,Gender,HSC,SSC,Income,Hometown,Computer,Preparation,Gaming,Attendance,Job,English,Extra,Semester,Last,Overall,Semester_num,Income_clean,Income_cat,Attendance_cat,Gaming_cat,Preparation_cat,Computer_ord,English_ord
Business Administration,Male,4.17,4.84,"Low (Below 15,000)",Village,3,More than 3 Hours,0-1 Hour,80%-100%,No,3,Yes,6th,3.22,3.35,6,Low,Low,80%-100%,0-1 Hour,More than 3 Hours,3,3
Business Administration,Female,4.92,5.0,"Upper middle (30,000-50,000)",City,3,0-1 Hour,0-1 Hour,80%-100%,No,3,Yes,7th,3.467,3.467,7,Upper middle,Upper middle,80%-100%,0-1 Hour,0-1 Hour,3,3
Business Administration,Male,5.0,4.83,"Lower middle (15,000-30,000)",Village,3,0-1 Hour,More than 3 Hours,80%-100%,No,4,Yes,3rd,4.0,3.72,3,Lower middle,Lower middle,80%-100%,More than 3 Hours,0-1 Hour,3,4
Business Administration,Male,4.0,4.5,"High (Above 50,000)",City,5,More than 3 Hours,More than 3 Hours,80%-100%,No,5,Yes,4th,3.8,3.75,4,High,High,80%-100%,More than 3 Hours,More than 3 Hours,5,5
Business Administration,Female,2.19,3.17,"Lower middle (15,000-30,000)",Village,3,0-1 Hour,2-3 Hours,80%-100%,No,3,Yes,4th,3.94,3.94,4,Lower middle,Lower middle,80%-100%,2-3 Hours,0-1 Hour,3,3
Computer Science and Engineering,Male,4.75,4.05,"Lower middle (15,000-30,000)",Village,3,0-1 Hour,More than 3 Hours,Below 40%,No,4,No,2nd,1.0,1.0,2,Lower middle,Lower middle,Below 40%,More than 3 Hours,0-1 Hour,3,4
Computer Science and Engineering,Male,4.42,5.0,"High (Above 50,000)",Village,4,0-1 Hour,More than 3 Hours,60%-79%,No,2,No,2nd,1.06,1.06,2,High,High,60%-79%,More than 3 Hours,0-1 Hour,4,2
Computer Science and Engineering,Male,4.5,4.81,"Upper middle (30,000-50,000)",City,3,2-3 Hours,More than 3 Hours,80%-100%,No,4,Yes,11th,2.95,1.25,11,Upper middle,Upper middle,80%-100%,More than 3 Hours,2-3 Hours,3,4
Computer Science and Engineering,Male,3.32,4.5,"Low (Below 15,000)",City,4,0-1 Hour,More than 3 Hours,Below 40%,No,3,Yes,5th,1.42,1.44,5,Low,Low,Below 40%,More than 3 Hours,0-1 Hour,4,3
Computer Science and Engineering,Female,3.33,4.95,"Lower middle (15,000-30,000)",City,3,0-1 Hour,More than 3 Hours,Below 40%,No,4,No,2nd,1.5,1.5,2,Lower middle,Lower middle,Below 40%,More than 3 Hours,0-1 Hour,3,4
Computer Science and Engineering,Male,4.17,5.0,"Lower middle (15,000-30,000)",Village,3,0-1 Hour,More than 3 Hours,Below 40%,No,4,No,2nd,1.56,1.56,2,Lower middle,Lower middle,Below 40%,More than 3 Hours,0-1 Hour,3,4
Computer Science and Engineering,Male,3.58,4.56,"Upper middle (30,000-50,000)",Village,4,0-1 Hour,More than 3 Hours,Below 40%,No,4,No,9th,1.57,1.57,9,Upper middle,Upper middle,Below 40%,More than 3 Hours,0-1 Hour,4,4
Computer Science and Engineering,Male,4.5,4.75,"Lower middle (15,000-30,000)",Village,1,0-1 Hour,More than 3 Hours,60%-79%,No,2,Yes,8th,1.57,1.57,8,Lower middle,Lower middle,60%-79%,More than 3 Hours,0-1 Hour,1,2
Computer Science and Engineering,Male,4.5,4.75,"Upper middle (30,000-50,000)",Village,1,0-1 Hour,More than 3 Hours,60%-79%,No,2,No,8th,1.0,1.6,8,Upper middle,Upper middle,60%-79%,More than 3 Hours,0-1 Hour,1,2
Computer Science and Engineering,Male,3.83,5.0,"Low (Below 15,000)",Village,2,0-1 Hour,More than 3 Hours,Below 40%,No,4,No,2nd,1.62,1.62,2,Low,Low,Below 40%,More than 3 Hours,0-1 Hour,2,4
Computer Science and Engineering,Male,4.33,4.64,"Lower middle (15,000-30,000)",City,5,0-1 Hour,More than 3 Hours,Below 40%,No,4,No,2nd,1.69,1.69,2,Lower middle,Lower middle,Below 40%,More than 3 Hours,0-1 Hour,5,4
Computer Science and Engineering,Female,4.51,4.75,"Lower middle (15,000-30,000)",Village,1,0-1 Hour,More than 3 Hours,60%-79%,No,2,Yes,8th,1.83,1.71,8,Lower middle,Lower middle,60%-79%,More than 3 Hours,0-1 Hour,1,2
Computer Science and Engineering,Male,4.5,4.75,"Lower middle (15,000-30,000)",Village,1,0-1 Hour,More than 3 Hours,60%-79%,No,2,No,2nd,1.69,1.72,2,Lower middle,Lower middle,60%-79%,More than 3 Hours,0-1 Hour,1,2
Computer Science and Engineering,Male,3.92,4.72,"High (Above 50,000)",Village,3,0-1 Hour,More than 3 Hours,60%-79%,No,2,No,5th,1.33,1.75,5,High,High,60%-79%,More than 3 Hours,0-1 Hour,3,2
Computer Science and Engineering,Male,3.92,5.0,"High (Above 50,000)",Village,4,0-1 Hour,More than 3 Hours,60%-79%,No,2,Yes,2nd,1.75,1.75,2,High,High,60%-79%,More than 3 Hours,0-1 Hour,4,2
Computer Science and Engineering,Male,4.08,5.0,"Low (Below 15,000)",Village,3,0-1 Hour,More than 3 Hours,60%-79%,No,2,No,2nd,1.25,1.75,2,Low,Low,60%-79%,More than 3 Hours,0-1 Hour,3,2
Computer Science and Engineering,Male,3.67,4.86,"Lower middle (15,000-30,000)",City,2,0-1 Hour,0-1 Hour,80%-100%,No,3,Yes,3rd,1.79,1.8,3,Lower middle,Lower middle,80%-100%,0-1 Hour,0-1 Hour,2,3
Computer Science and Engineering,Male,4.0,5.0,"Lower middle (15,000-30,000)",City,3,0-1 Hour,More than 3 Hours,60%-79%,No,2,No,2nd,1.63,1.86,2,Lower middle,Lower middle,60%-79%,More than 3 Hours,0-1 Hour,3,2
Computer Science and Engineering,Male,3.75,4.73,"Upper middle (30,000-50,000)",Village,5,0-1 Hour,More than 3 Hours,60%-79%,No,4,Yes,2nd,1.88,1.88,2,Upper middle,Upper middle,60%-79%,More than 3 Hours,0-1 Hour,5,4
Computer Science and Engineering,Male,3.5,5.0,"Upper middle (30,000-50,000)",City,1,0-1 Hour,More than 3 Hours,60%-79%,No,4,No,5th,1.89,1.89,5,Upper middle,Upper middle,60%-79%,More than 3 Hours,0-1 Hour,1,4
Computer Science and Engineering,Male,4.2,5.0,"Upper middle (30,000-50,000)",City,4,0-1 Hour,More than 3 Hours,Below 40%,No,4,No,9th,1.45,1.9,9,Upper middle,Upper middle,Below 40%,More than 3 Hours,0-1 Hour,4,4
Computer Science and Engineering,Female,4.58,4.94,"High (Above 50,000)",Village,3,0-1 Hour,More than 3 Hours,Below 40%,No,4,No,5th,1.33,1.9,5,High,High,Below 40%,More than 3 Hours,0-1 Hour,3,4
Computer Science and Engineering,Male,3.0,4.06,"Low (Below 15,000)",Village,3,0-1 Hour,More than 3 Hours,60%-79%,No,4,No,2nd,1.92,1.92,2,Low,Low,60%-79%,More than 3 Hours,0-1 Hour,3,4
Computer Science and Engineering,Male,4.17,5.0,"Lower middle (15,000-30,000)",City,3,2-3 Hours,More than 3 Hours,60%-79%,No,3,No,2nd,2.06,1.97,2,Lower middle,Lower middle,60%-79%,More than 3 Hours,2-3 Hours,3,3
Computer Science and Engineering,Male,4.42,5.0,"Lower middle (15,000-30,000)",City,3,0-1 Hour,0-1 Hour,60%-79%,No,2,No,11th,2.33,2.0,11,Lower middle,Lower middle,60%-79%,0-1 Hour,0-1 Hour,3,2
Computer Science and Engineering,Male,4.0,4.78,"Low (Below 15,000)",Village,3,2-3 Hours,More than 3 Hours,60%-79%,No,4,Yes,8th,2.16,2.0,8,Low,Low,60%-79%,More than 3 Hours,2-3 Hours,3,4
Computer Science and Engineering,Male,4.5,4.75,"Low (Below 15,000)",Village,1,0-1 Hour,More than 3 Hours,60%-79%,No,2,No,5th,1.5,2.02,5,Low,Low,60%-79%,More than 3 Hours,0-1 Hour,1,2
Computer Science and Engineering,Male,4.5,4.75,"Lower middle (15,000-30,000)",Village,1,0-1 Hour,More than 3 Hours,60%-79%,No,2,No,8th,1.64,2.1,8,Lower middle,Lower middle,60%-79%,More than 3 Hours,0-1 Hour,1,2
Computer Science and Engineering,Male,3.5,4.78,"High (Above 50,000)",Village,2,0-1 Hour,More than 3 Hours,Below 40%,No,4,No,5th,1.33,2.1,5,High,High,Below 40%,More than 3 Hours,0-1 Hour,2,4
Computer Science and Engineering,Male,3.82,5.0,"Lower middle (15,000-30,000)",City,4,2-3 Hours,More than 3 Hours,60%-79%,No,4,No,3rd,2.5,2.1,3,Lower middle,Lower middle,60%-79%,More than 3 Hours,2-3 Hours,4,4
Computer Science and Engineering,Male,4.5,5.0,"High (Above 50,000)",Village,4,0-1 Hour,More than 3 Hours,40%-59%,Yes,4,No,10th,2.23,2.17,10,High,High,40%-59%,More than 3 Hours,0-1 Hour,4,4
Computer Science and Engineering,Female,4.58,3.96,"Upper middle (30,000-50,000)",City,3,0-1 Hour,More than 3 Hours,40%-59%,No,4,No,8th,2.11,2.17,8,Upper middle,Upper middle,40%-59%,More than 3 Hours,0-1 Hour,3,4
Computer Science and Engineering,Male,3.23,4.33,"Low (Below 15,000)",City,3,0-1 Hour,More than 3 Hours,40%-59%,No,4,No,3rd,2.17,2.17,3,Low,Low,40%-59%,More than 3 Hours,0-1 Hour,3,4
Computer Science and Engineering,Male,2.17,4.33,"Upper middle (30,000-50,000)",Village,1,0-1 Hour,More than 3 Hours,40%-59%,No,4,No,3rd,2.08,2.17,3,Upper middle,Upper middle,40%-59%,More than 3 Hours,0-1 Hour,1,4
Computer Science and Engineering,Male,3.67,4.28,"Upper middle (30,000-50,000)",City,5,0-1 Hour,More than 3 Hours,60%-79%,No,4,Yes,5th,1.94,2.2,5,Upper middle,Upper middle,60%-79%,More than 3 Hours,0-1 Hour,5,4
Computer Science and Engineering,Male,3.8,4.94,"Lower middle (15,000-30,000)",Village,3,0-1 Hour,More than 3 Hours,60%-79%,No,4,No,9th,2.0,2.22,9,Lower middle,Lower middle,60%-79%,More than 3 Hours,0-1 Hour,3,4
Computer Science and Engineering,Male,3.25,4.94,"High (Above 50,000)",Village,3,0-1 Hour,More than 3 Hours,40%-59%,No,4,No,9th,2.25,2.25,9,High,High,40%-59%,More than 3 Hours,0-1 Hour,3,4
Computer Science and Engineering,Female,4.5,4.75,"High (Above 50,000)",Village,1,2-3 Hours,More than 3 Hours,60%-79%,No,4,Yes,7th,2.25,2.25,7,High,High,60%-79%,More than 3 Hours,2-3 Hours,1,4
Computer Science and Engineering,Male,4.0,4.72,"Upper middle (30,000-50,000)",Village,3,0-1 Hour,More than 3 Hours,40%-59%,No,4,No,2nd,2.25,2.25,2,Upper middle,Upper middle,40%-59%,More than 3 Hours,0-1 Hour,3,4
Computer Science and Engineering,Male,3.42,4.78,"Lower middle (15,000-30,000)",Village,2,0-1 Hour,More than 3 Hours,40%-59%,No,4,No,2nd,2.25,2.25,2,Lower middle,Lower middle,40%-59%,More than 3 Hours,0-1 Hour,2,4
Computer Science and Engineering,Male,4.0,5.0,"High (Above 50,000)",Village,2,2-3 Hours,More than 3 Hours,60%-79%,No,3,Yes,2nd,2.31,2.28,2,High,High,60%-79%,More than 3 Hours,2-3 Hours,2,3
Computer Science and Engineering,Male,3.33,4.19,"High (Above 50,000)",Village,4,0-1 Hour,More than 3 Hours,40%-59%,No,4,No,9th,2.3,2.3,9,High,High,40%-59%,More than 3 Hours,0-1 Hour,4,4
Computer Science and Engineering,Male,4.25,4.38,"High (Above 50,000)",City,3,2-3 Hours,More than 3 Hours,60%-79%,No,4,Yes,7th,2.25,2.3,7,High,High,60%-79%,More than 3 Hours,2-3 Hours,3,4
Computer Science and Engineering,Male,3.75,5.0,"Lower middle (15,000-30,000)",City,3,0-1 Hour,More than 3 Hours,40%-59%,No,3,No,2nd,2.31,2.31,2,Lower middle,Lower middle,40%-59%,More than 3 Hours,0-1 Hour,3,3
Computer Science and Engineering,Female,3.58,5.0,"Lower middle (15,000-30,000)",Village,4,0-1 Hour,More than 3 Hours,40%-59%,No,4,No,2nd,2.31,2.31,2,Lower middle,Lower middle,40%-59%,More than 3 Hours,0-1 Hour,4,4
Computer Science and Engineering,Male,4.25,5.0,"High (Above 50,000)",Village,4,0-1 Hour,More than 3 Hours,40%-59%,No,4,No,2nd,2.31,2.31,2,High,High,40%-59%,More than 3 Hours,0-1 Hour,4,4
Computer Science and Engineering,Female,4.5,4.75,"Upper middle (30,000-50,000)",Village,1,More than 3 Hours,More than 3 Hours,60%-79%,No,3,No,5th,2.44,2.33,5,Upper middle,Upper middle,60%-79%,More than 3 Hours,More than 3 Hours,1,3
Computer Science and Engineering,Female,3.83,4.94,"High (Above 50,000)",Village,1,0-1 Hour,More than 3 Hours,40%-59%,No,4,No,5th,2.33,2.33,5,High,High,40%-59%,More than 3 Hours,0-1 Hour,1,4
Computer Science and Engineering,Male,3.08,4.22,"Lower middle (15,000-30,000)",Village,1,0-1 Hour,More than 3 Hours,40%-59%,No,4,No,3rd,2.33,2.33,3,Lower middle,Lower middle,40%-59%,More than 3 Hours,0-1 Hour,1,4
Computer Science and Engineering,Male,3.67,4.91,"Upper middle (30,000-50,000)",City,2,0-1 Hour,More than 3 Hours,40%-59%,No,4,No,3rd,2.33,2.33,3,Upper middle,Upper middle,40%-59%,More than 3 Hours,0-1 Hour,2,4
Computer Science and Engineering,Male,5.0,4.75,"High (Above 50,000)",City,3,0-1 Hour,More than 3 Hours,40%-59%,Yes,4,No,9th,2.39,2.35,9,High,High,40%-59%,More than 3 Hours,0-1 Hour,3,4
Computer Science and Engineering,Male,4.56,4.82,"Lower middle (15,000-30,000)",Village,5,0-1 Hour,More than 3 Hours,40%-59%,No,4,Yes,8th,2.35,2.35,8,Lower middle,Lower middle,40%-59%,More than 3 Hours,0-1 Hour,5,4
Computer Science and Engineering,Male,5.0,4.72,"High (Above 50,000)",Village,4,0-1 Hour,More than 3 Hours,40%-59%,No,5,Yes,6th,2.35,2.35,6,High,High,40%-59%,More than 3 Hours,0-1 Hour,4,5
Computer Science and Engineering,Male,3.92,5.0,"Lower middle (15,000-30,000)",Village,4,0-1 Hour,More than 3 Hours,40%-59%,No,4,No,2nd,2.38,2.38,2,Lower middle,Lower middle,40%-59%,More than 3 Hours,0-1 Hour,4,4
Computer Science and Engineering,Male,4.42,4.32,"Upper middle (30,000-50,000)",Village,2,0-1 Hour,More than 3 Hours,40%-59%,No,4,No,2nd,2.38,2.38,2,Upper middle,Upper middle,40%-59%,More than 3 Hours,0-1 Hour,2,4
Computer Science and Engineering,Female,3.42,4.14,"High (Above 50,000)",City,4,0-1 Hour,More than 3 Hours,40%-59%,No,4,No,2nd,2.38,2.38,2,High,High,40%-59%,More than 3 Hours,0-1 Hour,4,4
Computer Science and Engineering,Female,4.0,5.0,"High (Above 50,000)",Village,3,0-1 Hour,More than 3 Hours,40%-59%,No,4,No,2nd,2.38,2.38,2,High,High,40%-59%,More than 3 Hours,0-1 Hour,3,4
Computer Science and Engineering,Female,4.5,4.75,"Lower middle (15,000-30,000)",Village,1,2-3 Hours,More than 3 Hours,60%-79%,No,2,No,10th,2.41,2.41,10,Lower middle,Lower middle,60%-79%,More than 3 Hours,2-3 Hours,1,2
Computer Science and Engineering,Male,4.17,4.82,"Lower middle (15,000-30,000)",Village,3,0-1 Hour,More than 3 Hours,40%-59%,No,4,No,2nd,2.44,2.44,2,Lower middle,Lower middle,40%-59%,More than 3 Hours,0-1 Hour,3,4
Computer Science and Engineering,Male,4.0,5.0,"Lower middle (15,000-30,000)",City,3,0-1 Hour,More than 3 Hours,40%-59%,No,3,No,2nd,2.44,2.44,2,Lower middle,Lower middle,40%-59%,More than 3 Hours,0-1 Hour,3,3
Computer Science and Engineering,Male,4.86,5.0,"Lower middle (15,000-30,000)",City,4,0-1 Hour,More than 3 Hours,80%-100%,Yes,3,No,11th,2.35,2.45,11,Lower middle,Lower middle,80%-100%,More than 3 Hours,0-1 Hour,4,3
Computer Science and Engineering,Male,4.5,4.75,"Lower middle (15,000-30,000)",Village,1,2-3 Hours,More than 3 Hours,60%-79%,No,3,No,3rd,2.25,2.45,3,Lower middle,Lower middle,60%-79%,More than 3 Hours,2-3 Hours,1,3
Computer Science and Engineering,Male,3.63,4.91,"Lower middle (15,000-30,000)",City,5,2-3 Hours,More than 3 Hours,60%-79%,No,4,No,3rd,2.58,2.47,3,Lower middle,Lower middle,60%-79%,More than 3 Hours,2-3 Hours,5,4
Computer Science and Engineering,Male,2.25,4.28,"Low (Below 15,000)",City,5,2-3 Hours,0-1 Hour,80%-100%,Yes,5,Yes,11th,3.0,2.5,11,Low,Low,80%-100%,0-1 Hour,2-3 Hours,5,5
Computer Science and Engineering,Male,2.92,4.75,"Lower middle (15,000-30,000)",City,5,0-1 Hour,More than 3 Hours,60%-79%,Yes,4,No,8th,2.73,2.5,8,Lower middle,Lower middle,60%-79%,More than 3 Hours,0-1 Hour,5,4
Computer Science and Engineering,Male,4.33,5.0,"High (Above 50,000)",Village,3,0-1 Hour,More than 3 Hours,40%-59%,No,4,No,2nd,2.5,2.5,2,High,High,40%-59%,More than 3 Hours,0-1 Hour,3,4
Computer Science and Engineering,Male,4.5,4.75,"Lower middle (15,000-30,000)",Village,1,2-3 Hours,More than 3 Hours,60%-79%,No,3,Yes,10th,2.83,2.53,10,Lower middle,Lower middle,60%-79%,More than 3 Hours,2-3 Hours,1,3
Computer Science and Engineering,Male,5.0,4.78,"High (Above 50,000)",City,3,0-1 Hour,2-3 Hours,80%-100%,No,3,Yes,4th,2.24,2.55,4,High,High,80%-100%,2-3 Hours,0-1 Hour,3,3
Computer Science and Engineering,Female,3.16,4.19,"Upper middle (30,000-50,000)",Village,1,2-3 Hours,More than 3 Hours,60%-79%,Yes,4,No,5th,2.75,2.55,5,Upper middle,Upper middle,60%-79%,More than 3 Hours,2-3 Hours,1,4
Computer Science and Engineering,Male,4.67,5.0,"High (Above 50,000)",City,3,0-1 Hour,More than 3 Hours,40%-59%,No,4,No,2nd,2.56,2.56,2,High,High,40%-59%,More than 3 Hours,0-1 Hour,3,4
Computer Science and Engineering,Male,3.67,4.82,"Lower middle (15,000-30,000)",Village,1,0-1 Hour,More than 3 Hours,40%-59%,No,4,No,2nd,2.56,2.56,2,Lower middle,Lower middle,40%-59%,More than 3 Hours,0-1 Hour,1,4
Computer Science and Engineering,Male,3.75,4.11,"Lower middle (15,000-30,000)",Village,4,0-1 Hour,More than 3 Hours,40%-59%,No,4,No,2nd,2.56,2.56,2,Lower middle,Lower middle,40%-59%,More than 3 Hours,0-1 Hour,4,4
Computer Science and Engineering,Male,4.5,3.61,"Low (Below 15,000)",Village,4,More than 3 Hours,More than 3 Hours,80%-100%,No,4,Yes,2nd,3.0,2.58,2,Low,Low,80%-100%,More than 3 Hours,More than 3 Hours,4,4
Computer Science and Engineering,Male,2.94,4.39,"High (Above 50,000)",Village,4,0-1 Hour,More than 3 Hours,40%-59%,No,4,No,2nd,2.64,2.64,2,High,High,40%-59%,More than 3 Hours,0-1 Hour,4,4
Computer Science and Engineering,Male,3.59,5.0,"Low (Below 15,000)",Village,2,0-1 Hour,More than 3 Hours,40%-59%,No,4,No,2nd,2.69,2.69,2,Low,Low,40%-59%,More than 3 Hours,0-1 Hour,2,4
Computer Science and Engineering,Male,3.0,4.33,"High (Above 50,000)",Village,1,0-1 Hour,More than 3 Hours,40%-59%,No,4,No,2nd,2.69,2.69,2,High,High,40%-59%,More than 3 Hours,0-1 Hour,1,4
Computer Science and Engineering,Male,3.67,5.0,"Lower middle (15,000-30,000)",City,3,0-1 Hour,More than 3 Hours,40%-59%,No,4,No,2nd,2.69,2.69,2,Lower middle,Lower middle,40%-59%,More than 3 Hours,0-1 Hour,3,4
Computer Science and Engineering,Male,4.08,5.0,"High (Above 50,000)",City,3,0-1 Hour,More than 3 Hours,40%-59%,No,4,No,2nd,2.69,2.69,2,High,High,40%-59%,More than 3 Hours,0-1 Hour,3,4
Computer Science and Engineering,Male,4.33,5.0,"Low (Below 15,000)",Village,4,0-1 Hour,More than 3 Hours,60%-79%,No,4,No,10th,2.88,2.7,10,Low,Low,60%-79%,More than 3 Hours,0-1 Hour,4,4
Computer Science and Engineering,Male,5.0,5.0,"Lower middle (15,000-30,000)",City,4,0-1 Hour,More than 3 Hours,60%-79%,Yes,4,No,9th,2.83,2.7,9,Lower middle,Lower middle,60%-79%,More than 3 Hours,0-1 Hour,4,4
Computer Science and Engineering,Male,3.92,5.0,"Upper middle (30,000-50,000)",City,3,0-1 Hour,More than 3 Hours,60%-79%,No,4,No,3rd,2.83,2.7,3,Upper middle,Upper middle,60%-79%,More than 3 Hours,0-1 Hour,3,4
Computer Science and Engineering,Female,5.0,5.0,"Lower middle (15,000-30,000)",Village,3,More than 3 Hours,More than 3 Hours,80%-100%,Yes,3,Yes,4th,2.41,2.75,4,Lower middle,Lower middle,80%-100%,More than 3 Hours,More than 3 Hours,3,3
Computer Science and Engineering,Male,5.0,5.0,"Lower middle (15,000-30,000)",City,3,2-3 Hours,2-3 Hours,80%-100%,Yes,3,Yes,4th,2.35,2.75,4,Lower middle,Lower middle,80%-100%,2-3 Hours,2-3 Hours,3,3
Computer Science and Engineering,Male,3.92,5.0,"Lower middle (15,000-30,000)",Village,1,0-1 Hour,More than 3 Hours,80%-100%,No,3,Yes,10th,2.89,2.75,10,Lower middle,Lower middle,80%-100%,More than 3 Hours,0-1 Hour,1,3
Computer Science and Engineering,Male,4.3,4.75,"Lower middle (15,000-30,000)",Village,4,0-1 Hour,More than 3 Hours,60%-79%,No,4,No,10th,2.88,2.75,10,Lower middle,Lower middle,60%-79%,More than 3 Hours,0-1 Hour,4,4
Computer Science and Engineering,Female,4.0,5.0,"High (Above 50,000)",City,4,0-1 Hour,More than 3 Hours,60%-79%,No,4,No,10th,2.75,2.75,10,High,High,60%-79%,More than 3 Hours,0-1 Hour,4,4
Computer Science and Engineering,Male,4.0,4.13,"Lower middle (15,000-30,000)",Village,4,0-1 Hour,More than 3 Hours,60%-79%,No,4,No,10th,2.82,2.75,10,Lower middle,Lower middle,60%-79%,More than 3 Hours,0-1 Hour,4,4
Computer Science and Engineering,Male,4.95,5.0,"Lower middle (15,000-30,000)",City,4,0-1 Hour,More than 3 Hours,60%-79%,No,4,No,10th,2.88,2.75,10,Lower middle,Lower middle,60%-79%,More than 3 Hours,0-1 Hour,4,4
Computer Science and Engineering,Male,4.44,4.38,"Upper middle (30,000-50,000)",City,3,0-1 Hour,More than 3 Hours,60%-79%,No,4,No,9th,2.81,2.75,9,Upper middle,Upper middle,60%-79%,More than 3 Hours,0-1 Hour,3,4
Computer Science and Engineering,Male,3.75,5.0,"Upper middle (30,000-50,000)",City,5,0-1 Hour,More than 3 Hours,60%-79%,No,4,No,8th,2.84,2.75,8,Upper middle,Upper middle,60%-79%,More than 3 Hours,0-1 Hour,5,4
Computer Science and Engineering,Male,3.58,4.61,"Low (Below 15,000)",City,5,0-1 Hour,More than 3 Hours,60%-79%,No,4,No,8th,2.81,2.75,8,Low,Low,60%-79%,More than 3 Hours,0-1 Hour,5,4
Computer Science and Engineering,Female,4.0,4.89,"High (Above 50,000)",City,3,0-1 Hour,More than 3 Hours,60%-79%,No,4,No,8th,2.79,2.75,8,High,High,60%-79%,More than 3 Hours,0-1 Hour,3,4
Computer Science and Engineering,Female,4.67,5.0,"High (Above 50,000)",City,3,0-1 Hour,More than 3 Hours,60%-79%,No,4,No,8th,2.83,2.75,8,High,High,60%-79%,More than 3 Hours,0-1 Hour,3,4
Computer Science and Engineering,Female,4.5,4.5,"Upper middle (30,000-50,000)",City,1,0-1 Hour,More than 3 Hours,60%-79%,Yes,4,No,8th,2.76,2.75,8,Upper middle,Upper middle,60%-79%,More than 3 Hours,0-1 Hour,1,4
Computer Science and Engineering,Male,4.25,4.94,"Low (Below 15,000)",Village,5,0-1 Hour,More than 3 Hours,60%-79%,No,4,Yes,8th,2.84,2.75,8,Low,Low,60%-79%,More than 3 Hours,0-1 Hour,5,4
Computer Science and Engineering,Male,4.0,4.5,"Lower middle (15,000-30,000)",Village,3,0-1 Hour,More than 3 Hours,60%-79%,No,4,No,7th,2.75,2.75,7,Lower middle,Lower middle,60%-79%,More than 3 Hours,0-1 Hour,3,4
Computer Science and Engineering,Female,3.25,4.17,"Lower middle (15,000-30,000)",City,5,0-1 Hour,More than 3 Hours,60%-79%,No,4,No,6th,2.88,2.75,6,Lower middle,Lower middle,60%-79%,More than 3 Hours,0-1 Hour,5,4
Computer Science and Engineering,Male,2.67,4.11,"Upper middle (30,000-50,000)",Village,5,0-1 Hour,More than 3 Hours,60%-79%,Yes,4,No,6th,2.75,2.75,6,Upper middle,Upper middle,60%-79%,More than 3 Hours,0-1 Hour,5,4
Computer Science and Engineering,Male,4.42,4.44,"Lower middle (15,000-30,000)",Village,3,0-1 Hour,More than 3 Hours,60%-79%,No,4,No,6th,2.8,2.75,6,Lower middle,Lower middle,60%-79%,More than 3 Hours,0-1 Hour,3,4
Computer Science and Engineering,Male,4.75,5.0,"Low (Below 15,000)",Village,5,0-1 Hour,More than 3 Hours,60%-79%,No,4,Yes,5th,2.88,2.75,5,Low,Low,60%-79%,More than 3 Hours,0-1 Hour,5,4
Computer Science and Engineering,Male,3.75,4.78,"Upper middle (30,000-50,000)",City,5,0-1 Hour,More than 3 Hours,60%-79%,No,4,Yes,5th,2.75,2.75,5,Upper middle,Upper middle,60%-79%,More than 3 Hours,0-1 Hour,5,4
Computer Science and Engineering,Male,3.5,5.0,"High (Above 50,000)",Village,1,0-1 Hour,More than 3 Hours,60%-79%,No,4,No,5th,2.77,2.75,5,High,High,60%-79%,More than 3 Hours,0-1 Hour,1,4
Computer Science and Engineering,Female,3.33,4.59,"High (Above 50,000)",City,5,0-1 Hour,More than 3 Hours,60%-79%,No,4,No,3rd,2.75,2.75,3,High,High,60%-79%,More than 3 Hours,0-1 Hour,5,4
Computer Science and Engineering,Male,4.0,4.89,"High (Above 50,000)",City,3,0-1 Hour,More than 3 Hours,60%-79%,No,4,No,3rd,2.75,2.75,3,High,High,60%-79%,More than 3 Hours,0-1 Hour,3,4
Computer Science and Engineering,Male,3.67,4.77,"High (Above 50,000)",City,3,0-1 Hour,More than 3 Hours,60%-79%,No,4,No,3rd,2.83,2.75,3,High,High,60%-79%,More than 3 Hours,0-1 Hour,3,4
Computer Science and Engineering,Male,4.25,5.0,"Upper middle (30,000-50,000)",Village,1,0-1 Hour,More than 3 Hours,60%-79%,No,4,No,2nd,2.75,2.75,2,Upper middle,Upper middle,60%-79%,More than 3 Hours,0-1 Hour,1,4
Computer Science and Engineering,Female,4.17,5.0,"Lower middle (15,000-30,000)",Village,3,0-1 Hour,More than 3 Hours,60%-79%,No,4,No,2nd,2.75,2.75,2,Lower middle,Lower middle,60%-79%,More than 3 Hours,0-1 Hour,3,4
Computer Science and Engineering,Female,3.67,4.73,"Lower middle (15,000-30,000)",City,2,0-1 Hour,More than 3 Hours,60%-79%,No,4,No,2nd,2.75,2.75,2,Lower middle,Lower middle,60%-79%,More than 3 Hours,0-1 Hour,2,4
Computer Science and Engineering,Female,4.08,5.0,"High (Above 50,000)",Village,3,0-1 Hour,More than 3 Hours,60%-79%,No,4,No,2nd,2.75,2.75,2,High,High,60%-79%,More than 3 Hours,0-1 Hour,3,4
Computer Science and Engineering,Male,4.5,5.0,"Upper middle (30,000-50,000)",City,1,0-1 Hour,0-1 Hour,60%-79%,No,1,No,11th,2.27,2.79,11,Upper middle,Upper middle,60%-79%,0-1 Hour,0-1 Hour,1,1
Computer Science and Engineering,Male,3.5,4.83,"Lower middle (15,000-30,000)",Village,5,0-1 Hour,More than 3 Hours,60%-79%,No,4,Yes,2nd,2.81,2.81,2,Lower middle,Lower middle,60%-79%,More than 3 Hours,0-1 Hour,5,4
Computer Science and Engineering,Male,3.25,4.36,"Low (Below 15,000)",Village,5,0-1 Hour,More than 3 Hours,60%-79%,No,4,Yes,2nd,2.81,2.81,2,Low,Low,60%-79%,More than 3 Hours,0-1 Hour,5,4
Computer Science and Engineering,Female,3.34,4.69,"Lower middle (15,000-30,000)",Village,5,0-1 Hour,More than 3 Hours,60%-79%,No,4,Yes,10th,2.96,2.84,10,Lower middle,Lower middle,60%-79%,More than 3 Hours,0-1 Hour,5,4
Computer Science and Engineering,Female,4.08,5.0,"Upper middle (30,000-50,000)",Village,4,0-1 Hour,More than 3 Hours,60%-79%,No,4,No,9th,2.99,2.84,9,Upper middle,Upper middle,60%-79%,More than 3 Hours,0-1 Hour,4,4
Computer Science and Engineering,Male,4.08,5.0,"High (Above 50,000)",Village,4,0-1 Hour,More than 3 Hours,60%-79%,No,4,No,6th,2.94,2.84,6,High,High,60%-79%,More than 3 Hours,0-1 Hour,4,4
Computer Science and Engineering,Male,3.42,4.33,"Upper middle (30,000-50,000)",City,5,0-1 Hour,More than 3 Hours,60%-79%,No,4,No,6th,2.94,2.84,6,Upper middle,Upper middle,60%-79%,More than 3 Hours,0-1 Hour,5,4
Computer Science and Engineering,Female,4.5,4.75,"Lower middle (15,000-30,000)",Village,3,More than 3 Hours,More than 3 Hours,60%-79%,No,2,No,8th,1.52,2.846,8,Lower middle,Lower middle,60%-79%,More than 3 Hours,More than 3 Hours,3,2
Computer Science and Engineering,Female,4.42,4.23,"Lower middle (15,000-30,000)",Village,3,0-1 Hour,More than 3 Hours,60%-79%,No,4,No,2nd,2.86,2.86,2,Lower middle,Lower middle,60%-79%,More than 3 Hours,0-1 Hour,3,4
Computer Science and Engineering,Female,3.5,4.73,"Lower middle (15,000-30,000)",City,2,0-1 Hour,More than 3 Hours,60%-79%,No,4,No,2nd,2.88,2.88,2,Lower middle,Lower middle,60%-79%,More than 3 Hours,0-1 Hour,2,4
Computer Science and Engineering,Male,3.58,4.68,"Lower middle (15,000-30,000)",City,1,0-1 Hour,More than 3 Hours,60%-79%,No,4,No,2nd,2.88,2.88,2,Lower middle,Lower middle,60%-79%,More than 3 Hours,0-1 Hour,1,4
Computer Science and Engineering,Male,4.67,5.0,"Lower middle (15,000-30,000)",City,3,0-1 Hour,More than 3 Hours,60%-79%,No,3,No,2nd,2.88,2.88,2,Lower middle,Lower middle,60%-79%,More than 3 Hours,0-1 Hour,3,3
Computer Science and Engineering,Male,4.57,4.95,"Lower middle (15,000-30,000)",City,3,0-1 Hour,More than 3 Hours,60%-79%,No,3,No,2nd,2.88,2.88,2,Lower middle,Lower middle,60%-79%,More than 3 Hours,0-1 Hour,3,3
Computer Science and Engineering,Female,4.17,5.0,"Lower middle (15,000-30,000)",City,5,0-1 Hour,More than 3 Hours,60%-79%,No,4,No,2nd,2.88,2.88,2,Lower middle,Lower middle,60%-79%,More than 3 Hours,0-1 Hour,5,4
Computer Science and Engineering,Female,3.75,4.69,"Lower middle (15,000-30,000)",City,4,0-1 Hour,More than 3 Hours,60%-79%,No,4,No,10th,2.89,2.89,10,Lower middle,Lower middle,60%-79%,More than 3 Hours,0-1 Hour,4,4
Computer Science and Engineering,Male,4.25,5.0,"Upper middle (30,000-50,000)",Village,4,0-1 Hour,More than 3 Hours,60%-79%,No,4,No,9th,2.91,2.89,9,Upper middle,Upper middle,60%-79%,More than 3 Hours,0-1 Hour,4,4
Computer Science and Engineering,Female,4.17,4.61,"Lower middle (15,000-30,000)",City,3,0-1 Hour,More than 3 Hours,60%-79%,No,3,No,8th,2.89,2.89,8,Lower middle,Lower middle,60%-79%,More than 3 Hours,0-1 Hour,3,3
Computer Science and Engineering,Female,4.67,5.0,"Lower middle (15,000-30,000)",Village,2,0-1 Hour,More than 3 Hours,60%-79%,No,4,No,8th,2.93,2.89,8,Lower middle,Lower middle,60%-79%,More than 3 Hours,0-1 Hour,2,4
Computer Science and Engineering,Female,3.83,5.0,"Lower middle (15,000-30,000)",City,3,0-1 Hour,More than 3 Hours,60%-79%,No,3,No,8th,2.89,2.89,8,Lower middle,Lower middle,60%-79%,More than 3 Hours,0-1 Hour,3,3
Computer Science and Engineering,Male,4.08,4.78,"High (Above 50,000)",Village,3,0-1 Hour,More than 3 Hours,60%-79%,No,4,No,7th,2.92,2.89,7,High,High,60%-79%,More than 3 Hours,0-1 Hour,3,4
Computer Science and Engineering,Male,3.58,4.88,"High (Above 50,000)",Village,2,0-1 Hour,More than 3 Hours,60%-79%,No,4,No,7th,2.92,2.89,7,High,High,60%-79%,More than 3 Hours,0-1 Hour,2,4
Computer Science and Engineering,Male,4.0,4.7,"Low (Below 15,000)",Village,1,0-1 Hour,2-3 Hours,60%-79%,No,3,Yes,11th,2.46,2.9,11,Low,Low,60%-79%,2-3 Hours,0-1 Hour,1,3
Computer Science and Engineering,Male,4.58,4.0,"High (Above 50,000)",Village,3,0-1 Hour,More than 3 Hours,40%-59%,No,4,No,10th,2.66,2.9,10,High,High,40%-59%,More than 3 Hours,0-1 Hour,3,4
Computer Science and Engineering,Male,4.1,3.75,"Lower middle (15,000-30,000)",City,4,0-1 Hour,More than 3 Hours,40%-59%,No,4,No,9th,2.57,2.9,9,Lower middle,Lower middle,40%-59%,More than 3 Hours,0-1 Hour,4,4
Computer Science and Engineering,Male,3.33,4.61,"High (Above 50,000)",Village,3,0-1 Hour,More than 3 Hours,40%-59%,No,4,No,9th,2.44,2.9,9,High,High,40%-59%,More than 3 Hours,0-1 Hour,3,4
Computer Science and Engineering,Male,3.67,3.06,"High (Above 50,000)",Village,5,0-1 Hour,More than 3 Hours,40%-59%,No,4,Yes,8th,2.55,2.9,8,High,High,40%-59%,More than 3 Hours,0-1 Hour,5,4
Computer Science and Engineering,Male,4.17,4.61,"Upper middle (30,000-50,000)",City,5,0-1 Hour,More than 3 Hours,40%-59%,No,4,No,8th,2.64,2.9,8,Upper middle,Upper middle,40%-59%,More than 3 Hours,0-1 Hour,5,4
Computer Science and Engineering,Female,3.83,5.0,"Lower middle (15,000-30,000)",Village,4,0-1 Hour,More than 3 Hours,40%-59%,No,4,No,8th,2.6,2.9,8,Lower middle,Lower middle,40%-59%,More than 3 Hours,0-1 Hour,4,4
Computer Science and Engineering,Male,4.67,4.75,"High (Above 50,000)",Village,3,0-1 Hour,More than 3 Hours,40%-59%,No,4,No,7th,2.6,2.9,7,High,High,40%-59%,More than 3 Hours,0-1 Hour,3,4
Computer Science and Engineering,Male,4.5,4.28,"Lower middle (15,000-30,000)",Village,3,0-1 Hour,More than 3 Hours,40%-59%,No,4,No,7th,2.6,2.9,7,Lower middle,Lower middle,40%-59%,More than 3 Hours,0-1 Hour,3,4
Computer Science and Engineering,Male,4.33,5.0,"High (Above 50,000)",City,5,0-1 Hour,More than 3 Hours,40%-59%,No,4,No,6th,2.5,2.9,6,High,High,40%-59%,More than 3 Hours,0-1 Hour,5,4
Computer Science and Engineering,Male,3.17,4.67,"High (Above 50,000)",Village,4,0-1 Hour,More than 3 Hours,40%-59%,No,4,No,6th,2.41,2.9,6,High,High,40%-59%,More than 3 Hours,0-1 Hour,4,4
Computer Science and Engineering,Female,4.5,4.56,"Upper middle (30,000-50,000)",City,3,0-1 Hour,More than 3 Hours,40%-59%,No,4,No,6th,2.5,2.9,6,Upper middle,Upper middle,40%-59%,More than 3 Hours,0-1 Hour,3,4
Computer Science and Engineering,Female,3.76,4.0,"High (Above 50,000)",Village,4,0-1 Hour,More than 3 Hours,40%-59%,No,4,No,6th,2.56,2.9,6,High,High,40%-59%,More than 3 Hours,0-1 Hour,4,4
Computer Science and Engineering,Male,2.59,4.88,"High (Above 50,000)",City,5,0-1 Hour,More than 3 Hours,40%-59%,No,4,No,6th,2.55,2.9,6,High,High,40%-59%,More than 3 Hours,0-1 Hour,5,4
Computer Science and Engineering,Male,3.33,3.78,"Lower middle (15,000-30,000)",Village,4,0-1 Hour,More than 3 Hours,40%-59%,No,4,No,6th,2.69,2.9,6,Lower middle,Lower middle,40%-59%,More than 3 Hours,0-1 Hour,4,4
Computer Science and Engineering,Female,4.5,5.0,"Lower middle (15,000-30,000)",Village,5,0-1 Hour,More than 3 Hours,40%-59%,No,4,Yes,5th,2.67,2.9,5,Lower middle,Lower middle,40%-59%,More than 3 Hours,0-1 Hour,5,4
Computer Science and Engineering,Male,4.17,4.61,"Lower middle (15,000-30,000)",Village,3,0-1 Hour,More than 3 Hours,40%-59%,No,4,No,5th,2.5,2.9,5,Lower middle,Lower middle,40%-59%,More than 3 Hours,0-1 Hour,3,4
Computer Science and Engineering,Female,4.42,5.0,"Lower middle (15,000-30,000)",City,3,0-1 Hour,More than 3 Hours,40%-59%,No,3,No,3rd,2.67,2.9,3,Lower middle,Lower middle,40%-59%,More than 3 Hours,0-1 Hour,3,3
Computer Science and Engineering,Male,3.85,5.0,"Lower middle (15,000-30,000)",City,4,0-1 Hour,More than 3 Hours,40%-59%,No,4,No,3rd,2.42,2.9,3,Lower middle,Lower middle,40%-59%,More than 3 Hours,0-1 Hour,4,4
Computer Science and Engineering,Male,3.92,5.0,"High (Above 50,000)",Village,2,0-1 Hour,More than 3 Hours,60%-79%,No,4,No,2nd,2.92,2.92,2,High,High,60%-79%,More than 3 Hours,0-1 Hour,2,4
Computer Science and Engineering,Female,4.0,5.0,"High (Above 50,000)",Village,4,0-1 Hour,More than 3 Hours,40%-59%,No,4,No,10th,2.42,2.94,10,High,High,40%-59%,More than 3 Hours,0-1 Hour,4,4
Computer Science and Engineering,Male,3.33,4.89,"Low (Below 15,000)",Village,2,0-1 Hour,More than 3 Hours,60%-79%,No,4,No,2nd,2.94,2.94,2,Low,Low,60%-79%,More than 3 Hours,0-1 Hour,2,4
Computer Science and Engineering,Male,3.92,4.73,"Lower middle (15,000-30,000)",Village,3,0-1 Hour,More than 3 Hours,60%-79%,No,4,No,2nd,2.94,2.94,2,Lower middle,Lower middle,60%-79%,More than 3 Hours,0-1 Hour,3,4
Computer Science and Engineering,Female,3.42,4.68,"High (Above 50,000)",Village,2,0-1 Hour,More than 3 Hours,60%-79%,No,4,No,2nd,2.94,2.94,2,High,High,60%-79%,More than 3 Hours,0-1 Hour,2,4
Computer Science and Engineering,Male,4.5,4.75,"Lower middle (15,000-30,000)",Village,1,2-3 Hours,More than 3 Hours,60%-79%,No,4,Yes,8th,2.48,2.98,8,Lower middle,Lower middle,60%-79%,More than 3 Hours,2-3 Hours,1,4
Computer Science and Engineering,Female,4.5,5.0,"High (Above 50,000)",City,3,2-3 Hours,More than 3 Hours,80%-100%,No,3,Yes,11th,3.45,3.0,11,High,High,80%-100%,More than 3 Hours,2-3 Hours,3,3
Computer Science and Engineering,Male,5.0,5.0,"Lower middle (15,000-30,000)",Village,3,0-1 Hour,More than 3 Hours,80%-100%,No,4,No,2nd,3.0,3.0,2,Lower middle,Lower middle,80%-100%,More than 3 Hours,0-1 Hour,3,4
Computer Science and Engineering,Male,5.0,5.0,"Upper middle (30,000-50,000)",City,3,0-1 Hour,0-1 Hour,60%-79%,No,4,Yes,4th,2.45,3.0,4,Upper middle,Upper middle,60%-79%,0-1 Hour,0-1 Hour,3,4
Computer Science and Engineering,Female,5.0,5.0,"Upper middle (30,000-50,000)",City,3,0-1 Hour,2-3 Hours,80%-100%,No,3,No,4th,3.22,3.0,4,Upper middle,Upper middle,80%-100%,2-3 Hours,0-1 Hour,3,3
Computer Science and Engineering,Female,4.5,4.75,"Lower middle (15,000-30,000)",Village,1,More than 3 Hours,More than 3 Hours,80%-100%,No,4,No,10th,3.17,3.0,10,Lower middle,Lower middle,80%-100%,More than 3 Hours,More than 3 Hours,1,4
Computer Science and Engineering,Male,3.08,4.68,"High (Above 50,000)",Village,3,0-1 Hour,More than 3 Hours,60%-79%,No,4,No,2nd,3.0,3.0,2,High,High,60%-79%,More than 3 Hours,0-1 Hour,3,4
Computer Science and Engineering,Female,3.92,5.0,"High (Above 50,000)",City,5,0-1 Hour,More than 3 Hours,60%-79%,No,4,No,2nd,3.0,3.0,2,High,High,60%-79%,More than 3 Hours,0-1 Hour,5,4
Computer Science and Engineering,Male,3.67,4.68,"High (Above 50,000)",City,3,0-1 Hour,More than 3 Hours,60%-79%,No,4,No,2nd,3.0,3.0,2,High,High,60%-79%,More than 3 Hours,0-1 Hour,3,4
Computer Science and Engineering,Female,3.92,5.0,"Upper middle (30,000-50,000)",City,4,0-1 Hour,More than 3 Hours,60%-79%,No,4,No,2nd,3.0,3.0,2,Upper middle,Upper middle,60%-79%,More than 3 Hours,0-1 Hour,4,4
Computer Science and Engineering,Female,3.53,5.0,"Lower middle (15,000-30,000)",City,2,0-1 Hour,More than 3 Hours,60%-79%,No,4,No,2nd,3.0,3.0,2,Lower middle,Lower middle,60%-79%,More than 3 Hours,0-1 Hour,2,4
Computer Science and Engineering,Male,3.83,4.73,"High (Above 50,000)",Village,3,2-3 Hours,More than 3 Hours,40%-59%,No,5,Yes,2nd,3.06,3.06,2,High,High,40%-59%,More than 3 Hours,2-3 Hours,3,5
Computer Science and Engineering,Female,2.93,4.71,"Upper middle (30,000-50,000)",Village,4,2-3 Hours,More than 3 Hours,40%-59%,No,3,Yes,2nd,3.06,3.06,2,Upper middle,Upper middle,40%-59%,More than 3 Hours,2-3 Hours,4,3
Computer Science and Engineering,Male,3.5,5.0,"High (Above 50,000)",City,5,2-3 Hours,More than 3 Hours,40%-59%,No,3,Yes,2nd,3.06,3.06,2,High,High,40%-59%,More than 3 Hours,2-3 Hours,5,3
Computer Science and Engineering,Male,5.0,5.0,"Lower middle (15,000-30,000)",Village,4,2-3 Hours,More than 3 Hours,80%-100%,No,3,Yes,4th,2.94,3.07,4,Lower middle,Lower middle,80%-100%,More than 3 Hours,2-3 Hours,4,3
Computer Science and Engineering,Male,4.0,4.92,"Lower middle (15,000-30,000)",Village,3,2-3 Hours,2-3 Hours,80%-100%,No,3,Yes,11th,3.0,3.08,11,Lower middle,Lower middle,80%-100%,2-3 Hours,2-3 Hours,3,3
Computer Science and Engineering,Male,3.92,5.0,"Lower middle (15,000-30,000)",Village,4,2-3 Hours,2-3 Hours,60%-79%,No,4,No,10th,3.29,3.08,10,Lower middle,Lower middle,60%-79%,2-3 Hours,2-3 Hours,4,4
Computer Science and Engineering,Male,3.6,4.94,"Upper middle (30,000-50,000)",Village,4,2-3 Hours,2-3 Hours,60%-79%,No,4,No,10th,3.25,3.08,10,Upper middle,Upper middle,60%-79%,2-3 Hours,2-3 Hours,4,4
Computer Science and Engineering,Male,3.83,4.75,"Upper middle (30,000-50,000)",Village,3,2-3 Hours,2-3 Hours,60%-79%,No,4,No,9th,3.25,3.08,9,Upper middle,Upper middle,60%-79%,2-3 Hours,2-3 Hours,3,4
Computer Science and Engineering,Female,3.51,3.19,"Low (Below 15,000)",Village,3,2-3 Hours,2-3 Hours,60%-79%,No,3,No,9th,3.25,3.08,9,Low,Low,60%-79%,2-3 Hours,2-3 Hours,3,3
Computer Science and Engineering,Male,4.44,5.0,"Upper middle (30,000-50,000)",City,5,2-3 Hours,2-3 Hours,60%-79%,Yes,2,No,8th,3.25,3.08,8,Upper middle,Upper middle,60%-79%,2-3 Hours,2-3 Hours,5,2
Computer Science and Engineering,Female,3.92,5.0,"Upper middle (30,000-50,000)",Village,3,2-3 Hours,2-3 Hours,60%-79%,No,3,No,8th,3.28,3.08,8,Upper middle,Upper middle,60%-79%,2-3 Hours,2-3 Hours,3,3
Computer Science and Engineering,Male,4.5,5.0,"Lower middle (15,000-30,000)",City,3,2-3 Hours,2-3 Hours,60%-79%,No,4,No,8th,3.3,3.08,8,Lower middle,Lower middle,60%-79%,2-3 Hours,2-3 Hours,3,4
Computer Science and Engineering,Male,4.5,5.0,"High (Above 50,000)",City,1,2-3 Hours,2-3 Hours,60%-79%,Yes,2,No,8th,3.26,3.08,8,High,High,60%-79%,2-3 Hours,2-3 Hours,1,2
Computer Science and Engineering,Male,3.42,4.0,"Low (Below 15,000)",Village,4,2-3 Hours,2-3 Hours,60%-79%,Yes,2,No,6th,3.3,3.08,6,Low,Low,60%-79%,2-3 Hours,2-3 Hours,4,2
Computer Science and Engineering,Female,3.86,5.0,"High (Above 50,000)",Village,5,2-3 Hours,2-3 Hours,60%-79%,No,3,No,6th,3.25,3.08,6,High,High,60%-79%,2-3 Hours,2-3 Hours,5,3
Computer Science and Engineering,Male,5.0,5.0,"Low (Below 15,000)",Village,4,2-3 Hours,2-3 Hours,60%-79%,No,3,No,3rd,3.25,3.08,3,Low,Low,60%-79%,2-3 Hours,2-3 Hours,4,3
Computer Science and Engineering,Male,4.08,5.0,"Low (Below 15,000)",Village,1,2-3 Hours,2-3 Hours,80%-100%,No,3,Yes,10th,2.73,3.09,10,Low,Low,80%-100%,2-3 Hours,2-3 Hours,1,3
Computer Science and Engineering,Male,4.0,4.33,"Low (Below 15,000)",Village,3,0-1 Hour,2-3 Hours,80%-100%,No,1,No,7th,2.69,3.1,7,Low,Low,80%-100%,2-3 Hours,0-1 Hour,3,1
Computer Science and Engineering,Male,4.83,5.0,"Lower middle (15,000-30,000)",Village,1,2-3 Hours,More than 3 Hours,60%-79%,No,3,No,7th,2.83,3.1,7,Lower middle,Lower middle,60%-79%,More than 3 Hours,2-3 Hours,1,3
Computer Science and Engineering,Male,5.0,5.0,"Low (Below 15,000)",Village,3,More than 3 Hours,0-1 Hour,80%-100%,No,3,Yes,4th,3.11,3.11,4,Low,Low,80%-100%,0-1 Hour,More than 3 Hours,3,3
Computer Science and Engineering,Male,3.42,4.63,"Low (Below 15,000)",Village,3,2-3 Hours,More than 3 Hours,80%-100%,No,5,Yes,2nd,3.13,3.13,2,Low,Low,80%-100%,More than 3 Hours,2-3 Hours,3,5
Computer Science and Engineering,Male,4.33,4.68,"High (Above 50,000)",City,5,2-3 Hours,More than 3 Hours,80%-100%,No,3,Yes,2nd,3.13,3.13,2,High,High,80%-100%,More than 3 Hours,2-3 Hours,5,3
Computer Science and Engineering,Female,4.0,5.0,"Lower middle (15,000-30,000)",City,3,2-3 Hours,More than 3 Hours,80%-100%,No,3,Yes,2nd,3.13,3.13,2,Lower middle,Lower middle,80%-100%,More than 3 Hours,2-3 Hours,3,3
Computer Science and Engineering,Male,3.08,4.06,"Upper middle (30,000-50,000)",Village,3,2-3 Hours,More than 3 Hours,80%-100%,No,4,No,2nd,3.13,3.13,2,Upper middle,Upper middle,80%-100%,More than 3 Hours,2-3 Hours,3,4
Computer Science and Engineering,Male,3.92,5.0,"Low (Below 15,000)",Village,4,2-3 Hours,2-3 Hours,60%-79%,No,3,No,9th,3.34,3.15,9,Low,Low,60%-79%,2-3 Hours,2-3 Hours,4,3
Computer Science and Engineering,Male,4.44,5.0,"Low (Below 15,000)",City,5,2-3 Hours,2-3 Hours,60%-79%,No,4,No,9th,3.3,3.15,9,Low,Low,60%-79%,2-3 Hours,2-3 Hours,5,4
Computer Science and Engineering,Female,3.92,5.0,"High (Above 50,000)",City,5,2-3 Hours,2-3 Hours,60%-79%,No,3,No,8th,3.34,3.15,8,High,High,60%-79%,2-3 Hours,2-3 Hours,5,3
Computer Science and Engineering,Male,3.42,4.17,"High (Above 50,000)",City,3,2-3 Hours,2-3 Hours,60%-79%,No,3,No,7th,3.33,3.15,7,High,High,60%-79%,2-3 Hours,2-3 Hours,3,3
Computer Science and Engineering,Female,4.58,5.0,"High (Above 50,000)",City,3,2-3 Hours,2-3 Hours,60%-79%,No,3,No,7th,3.33,3.15,7,High,High,60%-79%,2-3 Hours,2-3 Hours,3,3
Computer Science and Engineering,Female,3.83,5.0,"High (Above 50,000)",Village,3,2-3 Hours,2-3 Hours,60%-79%,No,3,No,7th,3.33,3.15,7,High,High,60%-79%,2-3 Hours,2-3 Hours,3,3
Computer Science and Engineering,Female,4.5,5.0,"Upper middle (30,000-50,000)",City,3,2-3 Hours,2-3 Hours,60%-79%,No,4,No,5th,3.3,3.15,5,Upper middle,Upper middle,60%-79%,2-3 Hours,2-3 Hours,3,4
Computer Science and Engineering,Male,4.75,5.0,"Upper middle (30,000-50,000)",Village,4,2-3 Hours,More than 3 Hours,80%-100%,No,3,Yes,2nd,3.16,3.16,2,Upper middle,Upper middle,80%-100%,More than 3 Hours,2-3 Hours,4,3
Computer Science and Engineering,Male,4.19,4.36,"Lower middle (15,000-30,000)",City,3,2-3 Hours,More than 3 Hours,60%-79%,No,3,Yes,2nd,3.19,3.19,2,Lower middle,Lower middle,60%-79%,More than 3 Hours,2-3 Hours,3,3
Computer Science and Engineering,Male,3.5,4.73,"Lower middle (15,000-30,000)",Village,3,2-3 Hours,More than 3 Hours,60%-79%,No,4,No,2nd,3.19,3.19,2,Lower middle,Lower middle,60%-79%,More than 3 Hours,2-3 Hours,3,4
Computer Science and Engineering,Male,3.38,5.0,"Lower middle (15,000-30,000)",City,5,2-3 Hours,More than 3 Hours,60%-79%,No,3,Yes,2nd,3.19,3.19,2,Lower middle,Lower middle,60%-79%,More than 3 Hours,2-3 Hours,5,3
Computer Science and Engineering,Male,4.0,5.0,"Upper middle (30,000-50,000)",Village,5,2-3 Hours,More than 3 Hours,60%-79%,Yes,4,No,2nd,3.19,3.19,2,Upper middle,Upper middle,60%-79%,More than 3 Hours,2-3 Hours,5,4
Computer Science and Engineering,Male,3.8,4.56,"Upper middle (30,000-50,000)",City,3,2-3 Hours,More than 3 Hours,60%-79%,No,3,Yes,2nd,3.21,3.21,2,Upper middle,Upper middle,60%-79%,More than 3 Hours,2-3 Hours,3,3
Computer Science and Engineering,Male,4.0,4.88,"Upper middle (30,000-50,000)",Village,3,More than 3 Hours,More than 3 Hours,80%-100%,No,3,No,8th,3.27,3.22,8,Upper middle,Upper middle,80%-100%,More than 3 Hours,More than 3 Hours,3,3
Computer Science and Engineering,Male,4.2,5.0,"Lower middle (15,000-30,000)",City,5,2-3 Hours,More than 3 Hours,80%-100%,Yes,4,Yes,11th,3.02,3.25,11,Lower middle,Lower middle,80%-100%,More than 3 Hours,2-3 Hours,5,4
Computer Science and Engineering,Male,3.67,5.0,"Low (Below 15,000)",City,5,2-3 Hours,More than 3 Hours,80%-100%,No,3,Yes,10th,3.09,3.25,10,Low,Low,80%-100%,More than 3 Hours,2-3 Hours,5,3
Computer Science and Engineering,Male,3.5,4.88,"Low (Below 15,000)",Village,4,2-3 Hours,More than 3 Hours,80%-100%,No,4,No,10th,3.1,3.25,10,Low,Low,80%-100%,More than 3 Hours,2-3 Hours,4,4
Computer Science and Engineering,Male,3.5,4.56,"Low (Below 15,000)",Village,3,0-1 Hour,More than 3 Hours,60%-79%,No,5,Yes,10th,3.01,3.25,10,Low,Low,60%-79%,More than 3 Hours,0-1 Hour,3,5
Computer Science and Engineering,Male,4.0,4.88,"Upper middle (30,000-50,000)",City,5,2-3 Hours,More than 3 Hours,40%-59%,Yes,4,No,8th,3.08,3.25,8,Upper middle,Upper middle,40%-59%,More than 3 Hours,2-3 Hours,5,4
Computer Science and Engineering,Male,3.93,5.0,"Lower middle (15,000-30,000)",City,2,2-3 Hours,More than 3 Hours,40%-59%,No,5,Yes,8th,3.04,3.25,8,Lower middle,Lower middle,40%-59%,More than 3 Hours,2-3 Hours,2,5
Computer Science and Engineering,Male,4.08,5.0,"Lower middle (15,000-30,000)",City,4,2-3 Hours,More than 3 Hours,40%-59%,No,4,No,8th,3.04,3.25,8,Lower middle,Lower middle,40%-59%,More than 3 Hours,2-3 Hours,4,4
Computer Science and Engineering,Male,4.33,4.81,"Upper middle (30,000-50,000)",Village,3,2-3 Hours,2-3 Hours,60%-79%,No,3,No,8th,3.22,3.25,8,Upper middle,Upper middle,60%-79%,2-3 Hours,2-3 Hours,3,3
Computer Science and Engineering,Male,4.25,5.0,"Lower middle (15,000-30,000)",Village,4,2-3 Hours,More than 3 Hours,80%-100%,No,4,No,8th,3.11,3.25,8,Lower middle,Lower middle,80%-100%,More than 3 Hours,2-3 Hours,4,4
Computer Science and Engineering,Male,4.1,5.0,"Lower middle (15,000-30,000)",Village,1,2-3 Hours,More than 3 Hours,80%-100%,No,5,Yes,8th,3.1,3.25,8,Lower middle,Lower middle,80%-100%,More than 3 Hours,2-3 Hours,1,5
Computer Science and Engineering,Female,3.87,4.94,"Upper middle (30,000-50,000)",City,3,2-3 Hours,More than 3 Hours,40%-59%,No,5,Yes,7th,3.08,3.25,7,Upper middle,Upper middle,40%-59%,More than 3 Hours,2-3 Hours,3,5
Computer Science and Engineering,Female,4.58,5.0,"Upper middle (30,000-50,000)",City,4,2-3 Hours,More than 3 Hours,40%-59%,No,4,No,6th,3.04,3.25,6,Upper middle,Upper middle,40%-59%,More than 3 Hours,2-3 Hours,4,4
Computer Science and Engineering,Male,3.83,5.0,"High (Above 50,000)",Village,4,0-1 Hour,More than 3 Hours,60%-79%,No,4,No,5th,3.0,3.25,5,High,High,60%-79%,More than 3 Hours,0-1 Hour,4,4
Computer Science and Engineering,Male,4.5,4.28,"High (Above 50,000)",City,5,2-3 Hours,More than 3 Hours,40%-59%,No,3,Yes,5th,3.05,3.25,5,High,High,40%-59%,More than 3 Hours,2-3 Hours,5,3
Computer Science and Engineering,Female,4.0,5.0,"Upper middle (30,000-50,000)",Village,5,2-3 Hours,More than 3 Hours,40%-59%,No,5,Yes,5th,3.08,3.25,5,Upper middle,Upper middle,40%-59%,More than 3 Hours,2-3 Hours,5,5
Computer Science and Engineering,Female,4.0,5.0,"Low (Below 15,000)",Village,1,2-3 Hours,More than 3 Hours,40%-59%,No,5,Yes,5th,3.08,3.25,5,Low,Low,40%-59%,More than 3 Hours,2-3 Hours,1,5
Computer Science and Engineering,Female,3.83,5.0,"Upper middle (30,000-50,000)",Village,3,2-3 Hours,More than 3 Hours,40%-59%,No,4,No,3rd,3.06,3.25,3,Upper middle,Upper middle,40%-59%,More than 3 Hours,2-3 Hours,3,4
Computer Science and Engineering,Male,3.67,5.0,"High (Above 50,000)",City,3,0-1 Hour,More than 3 Hours,60%-79%,No,4,No,3rd,3.0,3.25,3,High,High,60%-79%,More than 3 Hours,0-1 Hour,3,4
Computer Science and Engineering,Female,3.92,4.18,"Upper middle (30,000-50,000)",City,5,2-3 Hours,More than 3 Hours,40%-59%,No,3,Yes,3rd,3.08,3.25,3,Upper middle,Upper middle,40%-59%,More than 3 Hours,2-3 Hours,5,3
Computer Science and Engineering,Male,3.5,4.81,"Low (Below 15,000)",Village,3,2-3 Hours,2-3 Hours,60%-79%,No,3,No,2nd,3.25,3.25,2,Low,Low,60%-79%,2-3 Hours,2-3 Hours,3,3
Computer Science and Engineering,Male,3.07,4.85,"Low (Below 15,000)",Village,3,2-3 Hours,2-3 Hours,60%-79%,No,3,No,2nd,3.25,3.25,2,Low,Low,60%-79%,2-3 Hours,2-3 Hours,3,3
Computer Science and Engineering,Male,3.92,5.0,"Lower middle (15,000-30,000)",City,3,2-3 Hours,2-3 Hours,60%-79%,No,3,No,2nd,3.25,3.25,2,Lower middle,Lower middle,60%-79%,2-3 Hours,2-3 Hours,3,3
Computer Science and Engineering,Male,4.08,5.0,"Low (Below 15,000)",Village,2,2-3 Hours,2-3 Hours,60%-79%,No,4,No,2nd,3.25,3.25,2,Low,Low,60%-79%,2-3 Hours,2-3 Hours,2,4
Computer Science and Engineering,Male,3.83,5.0,"Lower middle (15,000-30,000)",Village,1,2-3 Hours,2-3 Hours,60%-79%,No,3,No,2nd,3.25,3.25,2,Lower middle,Lower middle,60%-79%,2-3 Hours,2-3 Hours,1,3
Computer Science and Engineering,Male,3.58,4.83,"High (Above 50,000)",Village,2,2-3 Hours,2-3 Hours,60%-79%,No,3,No,2nd,3.25,3.25,2,High,High,60%-79%,2-3 Hours,2-3 Hours,2,3
Computer Science and Engineering,Male,3.92,5.0,"Lower middle (15,000-30,000)",Village,3,2-3 Hours,2-3 Hours,60%-79%,No,3,No,2nd,3.25,3.25,2,Lower middle,Lower middle,60%-79%,2-3 Hours,2-3 Hours,3,3
Computer Science and Engineering,Male,4.25,5.0,"Low (Below 15,000)",Village,5,2-3 Hours,2-3 Hours,60%-79%,No,2,Yes,2nd,3.25,3.25,2,Low,Low,60%-79%,2-3 Hours,2-3 Hours,5,2
Computer Science and Engineering,Male,4.42,4.86,"Lower middle (15,000-30,000)",City,2,2-3 Hours,2-3 Hours,60%-79%,No,4,No,2nd,3.25,3.25,2,Lower middle,Lower middle,60%-79%,2-3 Hours,2-3 Hours,2,4
Computer Science and Engineering,Male,4.5,4.86,"Upper middle (30,000-50,000)",Village,3,2-3 Hours,2-3 Hours,60%-79%,No,3,No,2nd,3.25,3.25,2,Upper middle,Upper middle,60%-79%,2-3 Hours,2-3 Hours,3,3
Computer Science and Engineering,Female,3.75,4.59,"Upper middle (30,000-50,000)",Village,5,2-3 Hours,2-3 Hours,60%-79%,No,2,Yes,2nd,3.25,3.25,2,Upper middle,Upper middle,60%-79%,2-3 Hours,2-3 Hours,5,2
Computer Science and Engineering,Female,4.5,4.75,"Upper middle (30,000-50,000)",Village,1,More than 3 Hours,More than 3 Hours,80%-100%,No,4,No,8th,3.11,3.26,8,Upper middle,Upper middle,80%-100%,More than 3 Hours,More than 3 Hours,1,4
Computer Science and Engineering,Male,5.0,4.67,"Low (Below 15,000)",Village,3,More than 3 Hours,2-3 Hours,80%-100%,No,3,Yes,3rd,3.27,3.27,3,Low,Low,80%-100%,2-3 Hours,More than 3 Hours,3,3
Computer Science and Engineering,Male,4.0,5.0,"Upper middle (30,000-50,000)",City,5,2-3 Hours,2-3 Hours,60%-79%,No,3,No,10th,3.47,3.27,10,Upper middle,Upper middle,60%-79%,2-3 Hours,2-3 Hours,5,3
Computer Science and Engineering,Male,4.3,5.0,"Upper middle (30,000-50,000)",City,4,2-3 Hours,2-3 Hours,60%-79%,No,3,No,10th,3.44,3.27,10,Upper middle,Upper middle,60%-79%,2-3 Hours,2-3 Hours,4,3
Computer Science and Engineering,Male,4.25,5.0,"High (Above 50,000)",City,3,2-3 Hours,2-3 Hours,60%-79%,Yes,2,No,9th,3.43,3.27,9,High,High,60%-79%,2-3 Hours,2-3 Hours,3,2
Computer Science and Engineering,Male,4.25,4.61,"High (Above 50,000)",City,5,2-3 Hours,2-3 Hours,60%-79%,No,3,No,8th,3.48,3.27,8,High,High,60%-79%,2-3 Hours,2-3 Hours,5,3
Computer Science and Engineering,Female,4.25,5.0,"Lower middle (15,000-30,000)",Village,3,2-3 Hours,2-3 Hours,60%-79%,No,4,No,8th,3.43,3.27,8,Lower middle,Lower middle,60%-79%,2-3 Hours,2-3 Hours,3,4
Computer Science and Engineering,Female,3.14,4.63,"High (Above 50,000)",Village,2,2-3 Hours,2-3 Hours,60%-79%,No,4,No,7th,3.47,3.27,7,High,High,60%-79%,2-3 Hours,2-3 Hours,2,4
Computer Science and Engineering,Female,4.5,4.75,"Lower middle (15,000-30,000)",Village,1,More than 3 Hours,More than 3 Hours,80%-100%,No,3,No,10th,3.33,3.28,10,Lower middle,Lower middle,80%-100%,More than 3 Hours,More than 3 Hours,1,3
Computer Science and Engineering,Male,3.67,4.78,"Upper middle (30,000-50,000)",Village,3,2-3 Hours,2-3 Hours,60%-79%,No,3,No,2nd,3.3,3.3,2,Upper middle,Upper middle,60%-79%,2-3 Hours,2-3 Hours,3,3
Computer Science and Engineering,Male,3.83,5.0,"Upper middle (30,000-50,000)",Village,5,2-3 Hours,2-3 Hours,60%-79%,No,2,Yes,2nd,3.3,3.3,2,Upper middle,Upper middle,60%-79%,2-3 Hours,2-3 Hours,5,2
Computer Science and Engineering,Male,4.58,5.0,"High (Above 50,000)",City,5,2-3 Hours,2-3 Hours,60%-79%,No,3,No,2nd,3.31,3.31,2,High,High,60%-79%,2-3 Hours,2-3 Hours,5,3
Computer Science and Engineering,Female,4.75,5.0,"High (Above 50,000)",City,3,2-3 Hours,2-3 Hours,60%-79%,No,3,No,2nd,3.31,3.31,2,High,High,60%-79%,2-3 Hours,2-3 Hours,3,3
Computer Science and Engineering,Female,4.17,5.0,"Lower middle (15,000-30,000)",City,5,2-3 Hours,2-3 Hours,60%-79%,No,3,No,2nd,3.31,3.31,2,Lower middle,Lower middle,60%-79%,2-3 Hours,2-3 Hours,5,3
Computer Science and Engineering,Female,3.67,4.56,"High (Above 50,000)",City,5,2-3 Hours,2-3 Hours,60%-79%,No,3,No,2nd,3.31,3.31,2,High,High,60%-79%,2-3 Hours,2-3 Hours,5,3
Computer Science and Engineering,Male,4.5,4.75,"Lower middle (15,000-30,000)",Village,1,More than 3 Hours,More than 3 Hours,80%-100%,No,3,Yes,8th,3.32,3.32,8,Lower middle,Lower middle,80%-100%,More than 3 Hours,More than 3 Hours,1,3
Computer Science and Engineering,Male,4.08,4.17,"High (Above 50,000)",Village,5,2-3 Hours,2-3 Hours,60%-79%,No,3,No,2nd,3.32,3.32,2,High,High,60%-79%,2-3 Hours,2-3 Hours,5,3
Computer Science and Engineering,Male,4.01,4.33,"Lower middle (15,000-30,000)",Village,3,2-3 Hours,2-3 Hours,80%-100%,Yes,2,Yes,4th,2.71,3.33,4,Lower middle,Lower middle,80%-100%,2-3 Hours,2-3 Hours,3,2
Computer Science and Engineering,Female,4.0,4.38,"Lower middle (15,000-30,000)",City,3,2-3 Hours,2-3 Hours,60%-79%,No,3,No,9th,3.41,3.33,9,Lower middle,Lower middle,60%-79%,2-3 Hours,2-3 Hours,3,3
Computer Science and Engineering,Female,3.58,4.44,"Upper middle (30,000-50,000)",Village,5,2-3 Hours,2-3 Hours,60%-79%,No,2,Yes,8th,3.35,3.33,8,Upper middle,Upper middle,60%-79%,2-3 Hours,2-3 Hours,5,2
Computer Science and Engineering,Female,4.5,4.75,"Lower middle (15,000-30,000)",Village,1,More than 3 Hours,More than 3 Hours,80%-100%,No,4,No,8th,3.55,3.33,8,Lower middle,Lower middle,80%-100%,More than 3 Hours,More than 3 Hours,1,4
Computer Science and Engineering,Male,4.5,4.75,"Lower middle (15,000-30,000)",Village,1,2-3 Hours,More than 3 Hours,60%-79%,No,3,No,8th,2.86,3.33,8,Lower middle,Lower middle,60%-79%,More than 3 Hours,2-3 Hours,1,3
Computer Science and Engineering,Male,4.33,5.0,"Upper middle (30,000-50,000)",City,3,2-3 Hours,2-3 Hours,60%-79%,No,4,No,8th,3.4,3.33,8,Upper middle,Upper middle,60%-79%,2-3 Hours,2-3 Hours,3,4
Computer Science and Engineering,Female,3.83,4.89,"High (Above 50,000)",City,3,2-3 Hours,2-3 Hours,60%-79%,No,3,No,7th,3.42,3.33,7,High,High,60%-79%,2-3 Hours,2-3 Hours,3,3
Computer Science and Engineering,Male,3.5,4.61,"Lower middle (15,000-30,000)",City,5,2-3 Hours,2-3 Hours,60%-79%,No,3,No,6th,3.38,3.33,6,Lower middle,Lower middle,60%-79%,2-3 Hours,2-3 Hours,5,3
Computer Science and Engineering,Male,4.0,4.89,"High (Above 50,000)",Village,3,2-3 Hours,2-3 Hours,60%-79%,No,3,No,5th,3.4,3.33,5,High,High,60%-79%,2-3 Hours,2-3 Hours,3,3
Computer Science and Engineering,Male,4.25,4.94,"Lower middle (15,000-30,000)",City,4,2-3 Hours,2-3 Hours,60%-79%,No,3,No,5th,3.42,3.33,5,Lower middle,Lower middle,60%-79%,2-3 Hours,2-3 Hours,4,3
Computer Science and Engineering,Female,5.0,5.0,"Low (Below 15,000)",Village,3,2-3 Hours,2-3 Hours,60%-79%,No,3,No,5th,3.42,3.33,5,Low,Low,60%-79%,2-3 Hours,2-3 Hours,3,3
Computer Science and Engineering,Male,4.17,4.89,"Upper middle (30,000-50,000)",City,3,2-3 Hours,2-3 Hours,60%-79%,No,4,No,3rd,3.42,3.33,3,Upper middle,Upper middle,60%-79%,2-3 Hours,2-3 Hours,3,4
Computer Science and Engineering,Male,4.17,4.95,"High (Above 50,000)",Village,2,2-3 Hours,2-3 Hours,60%-79%,No,4,No,2nd,3.35,3.35,2,High,High,60%-79%,2-3 Hours,2-3 Hours,2,4
Computer Science and Engineering,Male,4.5,4.75,"Upper middle (30,000-50,000)",Village,3,More than 3 Hours,More than 3 Hours,80%-100%,No,3,No,8th,3.14,3.37,8,Upper middle,Upper middle,80%-100%,More than 3 Hours,More than 3 Hours,3,3
Computer Science and Engineering,Female,4.08,5.0,"Lower middle (15,000-30,000)",City,3,2-3 Hours,2-3 Hours,60%-79%,No,4,No,2nd,3.38,3.38,2,Lower middle,Lower middle,60%-79%,2-3 Hours,2-3 Hours,3,4
Computer Science and Engineering,Male,3.75,4.95,"Upper middle (30,000-50,000)",Village,3,2-3 Hours,2-3 Hours,60%-79%,No,3,No,2nd,3.38,3.38,2,Upper middle,Upper middle,60%-79%,2-3 Hours,2-3 Hours,3,3
Computer Science and Engineering,Male,4.42,4.89,"High (Above 50,000)",Village,3,2-3 Hours,2-3 Hours,60%-79%,No,3,No,2nd,3.38,3.38,2,High,High,60%-79%,2-3 Hours,2-3 Hours,3,3
Computer Science and Engineering,Male,4.75,4.09,"Lower middle (15,000-30,000)",City,5,2-3 Hours,2-3 Hours,60%-79%,No,4,No,2nd,3.38,3.38,2,Lower middle,Lower middle,60%-79%,2-3 Hours,2-3 Hours,5,4
Computer Science and Engineering,Male,4.25,5.0,"Lower middle (15,000-30,000)",City,3,2-3 Hours,2-3 Hours,60%-79%,No,4,No,2nd,3.38,3.38,2,Lower middle,Lower middle,60%-79%,2-3 Hours,2-3 Hours,3,4
Computer Science and Engineering,Female,3.58,5.0,"Upper middle (30,000-50,000)",Village,5,2-3 Hours,2-3 Hours,60%-79%,No,2,Yes,2nd,3.38,3.38,2,Upper middle,Upper middle,60%-79%,2-3 Hours,2-3 Hours,5,2
Computer Science and Engineering,Female,4.17,4.83,"Lower middle (15,000-30,000)",Village,3,2-3 Hours,2-3 Hours,60%-79%,No,3,No,2nd,3.38,3.38,2,Lower middle,Lower middle,60%-79%,2-3 Hours,2-3 Hours,3,3
Computer Science and Engineering,Male,3.42,4.68,"Lower middle (15,000-30,000)",Village,5,2-3 Hours,2-3 Hours,60%-79%,No,2,Yes,2nd,3.38,3.38,2,Lower middle,Lower middle,60%-79%,2-3 Hours,2-3 Hours,5,2
Computer Science and Engineering,Male,3.67,4.89,"Low (Below 15,000)",Village,3,0-1 Hour,0-1 Hour,80%-100%,Yes,4,Yes,10th,3.3,3.39,10,Low,Low,80%-100%,0-1 Hour,0-1 Hour,3,4
Computer Science and Engineering,Male,4.5,4.75,"Lower middle (15,000-30,000)",Village,1,2-3 Hours,More than 3 Hours,80%-100%,No,4,Yes,7th,3.83,3.39,7,Lower middle,Lower middle,80%-100%,More than 3 Hours,2-3 Hours,1,4
Computer Science and Engineering,Female,4.5,4.75,"Upper middle (30,000-50,000)",Village,3,More than 3 Hours,More than 3 Hours,80%-100%,No,4,No,8th,3.27,3.43,8,Upper middle,Upper middle,80%-100%,More than 3 Hours,More than 3 Hours,3,4
Computer Science and Engineering,Female,4.83,5.0,"High (Above 50,000)",City,2,2-3 Hours,2-3 Hours,80%-100%,No,4,No,11th,3.56,3.44,11,High,High,80%-100%,2-3 Hours,2-3 Hours,2,4
Computer Science and Engineering,Male,4.33,5.0,"Low (Below 15,000)",Village,3,2-3 Hours,More than 3 Hours,60%-79%,No,5,Yes,10th,3.6,3.44,10,Low,Low,60%-79%,More than 3 Hours,2-3 Hours,3,5
Computer Science and Engineering,Male,4.33,5.0,"High (Above 50,000)",Village,3,2-3 Hours,More than 3 Hours,60%-79%,No,5,Yes,8th,3.59,3.44,8,High,High,60%-79%,More than 3 Hours,2-3 Hours,3,5
Computer Science and Engineering,Female,4.55,5.0,"High (Above 50,000)",City,5,2-3 Hours,2-3 Hours,60%-79%,No,3,No,2nd,3.44,3.44,2,High,High,60%-79%,2-3 Hours,2-3 Hours,5,3
Computer Science and Engineering,Male,4.25,4.89,"Low (Below 15,000)",City,5,2-3 Hours,2-3 Hours,60%-79%,No,4,No,2nd,3.44,3.44,2,Low,Low,60%-79%,2-3 Hours,2-3 Hours,5,4
Computer Science and Engineering,Male,3.92,5.0,"Lower middle (15,000-30,000)",City,3,2-3 Hours,2-3 Hours,60%-79%,No,3,No,2nd,3.44,3.44,2,Lower middle,Lower middle,60%-79%,2-3 Hours,2-3 Hours,3,3
Computer Science and Engineering,Female,4.75,5.0,"Upper middle (30,000-50,000)",Village,1,0-1 Hour,More than 3 Hours,60%-79%,No,1,No,11th,3.52,3.45,11,Upper middle,Upper middle,60%-79%,More than 3 Hours,0-1 Hour,1,1
Computer Science and Engineering,Male,4.5,4.75,"Upper middle (30,000-50,000)",Village,1,More than 3 Hours,More than 3 Hours,60%-79%,No,4,No,3rd,2.92,3.46,3,Upper middle,Upper middle,60%-79%,More than 3 Hours,More than 3 Hours,1,4
Computer Science and Engineering,Male,5.0,5.0,"Lower middle (15,000-30,000)",City,5,0-1 Hour,More than 3 Hours,80%-100%,No,4,Yes,2nd,3.48,3.48,2,Lower middle,Lower middle,80%-100%,More than 3 Hours,0-1 Hour,5,4
Computer Science and Engineering,Male,3.5,4.8,"High (Above 50,000)",City,5,0-1 Hour,More than 3 Hours,40%-59%,No,5,Yes,11th,3.02,3.5,11,High,High,40%-59%,More than 3 Hours,0-1 Hour,5,5
Computer Science and Engineering,Female,5.0,5.0,"Lower middle (15,000-30,000)",City,4,2-3 Hours,More than 3 Hours,80%-100%,Yes,5,Yes,4th,2.07,3.5,4,Lower middle,Lower middle,80%-100%,More than 3 Hours,2-3 Hours,4,5
Computer Science and Engineering,Male,4.53,4.75,"Lower middle (15,000-30,000)",Village,1,0-1 Hour,More than 3 Hours,80%-100%,No,4,Yes,10th,3.0,3.5,10,Lower middle,Lower middle,80%-100%,More than 3 Hours,0-1 Hour,1,4
Computer Science and Engineering,Male,4.42,4.88,"Low (Below 15,000)",Village,4,0-1 Hour,2-3 Hours,80%-100%,No,3,No,10th,3.76,3.5,10,Low,Low,80%-100%,2-3 Hours,0-1 Hour,4,3
Computer Science and Engineering,Male,4.58,5.0,"High (Above 50,000)",Village,4,0-1 Hour,2-3 Hours,80%-100%,No,4,No,9th,3.7,3.5,9,High,High,80%-100%,2-3 Hours,0-1 Hour,4,4
Computer Science and Engineering,Female,3.5,4.81,"Lower middle (15,000-30,000)",Village,4,More than 3 Hours,More than 3 Hours,80%-100%,No,5,Yes,9th,3.8,3.5,9,Lower middle,Lower middle,80%-100%,More than 3 Hours,More than 3 Hours,4,5
Computer Science and Engineering,Male,5.0,5.0,"Upper middle (30,000-50,000)",City,5,0-1 Hour,More than 3 Hours,80%-100%,No,5,Yes,8th,4.0,3.5,8,Upper middle,Upper middle,80%-100%,More than 3 Hours,0-1 Hour,5,5
Computer Science and Engineering,Male,4.58,5.0,"Lower middle (15,000-30,000)",City,1,0-1 Hour,2-3 Hours,80%-100%,No,5,Yes,8th,3.78,3.5,8,Lower middle,Lower middle,80%-100%,2-3 Hours,0-1 Hour,1,5
Computer Science and Engineering,Female,4.83,5.0,"High (Above 50,000)",City,3,0-1 Hour,0-1 Hour,80%-100%,No,3,Yes,7th,3.83,3.5,7,High,High,80%-100%,0-1 Hour,0-1 Hour,3,3
Computer Science and Engineering,Female,4.33,5.0,"High (Above 50,000)",City,3,More than 3 Hours,More than 3 Hours,80%-100%,No,5,Yes,7th,3.81,3.5,7,High,High,80%-100%,More than 3 Hours,More than 3 Hours,3,5
Computer Science and Engineering,Female,4.25,5.0,"Upper middle (30,000-50,000)",Village,5,More than 3 Hours,More than 3 Hours,80%-100%,No,5,Yes,6th,3.81,3.5,6,Upper middle,Upper middle,80%-100%,More than 3 Hours,More than 3 Hours,5,5
Computer Science and Engineering,Male,4.33,5.0,"Low (Below 15,000)",Village,4,0-1 Hour,2-3 Hours,80%-100%,No,4,No,6th,3.75,3.5,6,Low,Low,80%-100%,2-3 Hours,0-1 Hour,4,4
Computer Science and Engineering,Male,3.75,4.67,"Upper middle (30,000-50,000)",Village,3,0-1 Hour,0-1 Hour,80%-100%,No,3,Yes,5th,3.83,3.5,5,Upper middle,Upper middle,80%-100%,0-1 Hour,0-1 Hour,3,3
Computer Science and Engineering,Male,4.58,5.0,"High (Above 50,000)",Village,3,0-1 Hour,2-3 Hours,80%-100%,No,3,No,5th,3.75,3.5,5,High,High,80%-100%,2-3 Hours,0-1 Hour,3,3
Computer Science and Engineering,Female,3.67,4.61,"High (Above 50,000)",City,3,2-3 Hours,2-3 Hours,60%-79%,No,3,No,2nd,3.5,3.5,2,High,High,60%-79%,2-3 Hours,2-3 Hours,3,3
Computer Science and Engineering,Female,3.75,4.78,"Upper middle (30,000-50,000)",Village,3,2-3 Hours,2-3 Hours,60%-79%,No,3,No,2nd,3.5,3.5,2,Upper middle,Upper middle,60%-79%,2-3 Hours,2-3 Hours,3,3
Computer Science and Engineering,Male,4.17,4.94,"Low (Below 15,000)",Village,3,2-3 Hours,2-3 Hours,60%-79%,No,3,No,2nd,3.5,3.5,2,Low,Low,60%-79%,2-3 Hours,2-3 Hours,3,3
Computer Science and Engineering,Male,4.0,5.0,"Lower middle (15,000-30,000)",Village,3,2-3 Hours,2-3 Hours,60%-79%,No,4,No,2nd,3.5,3.5,2,Lower middle,Lower middle,60%-79%,2-3 Hours,2-3 Hours,3,4
Computer Science and Engineering,Male,3.75,4.61,"Low (Below 15,000)",Village,3,2-3 Hours,2-3 Hours,60%-79%,No,3,No,2nd,3.5,3.5,2,Low,Low,60%-79%,2-3 Hours,2-3 Hours,3,3
Computer Science and Engineering,Male,4.08,5.0,"High (Above 50,000)",City,5,2-3 Hours,2-3 Hours,60%-79%,No,3,No,2nd,3.5,3.5,2,High,High,60%-79%,2-3 Hours,2-3 Hours,5,3
Computer Science and Engineering,Female,4.33,4.94,"Lower middle (15,000-30,000)",City,5,2-3 Hours,2-3 Hours,60%-79%,No,3,No,2nd,3.5,3.5,2,Lower middle,Lower middle,60%-79%,2-3 Hours,2-3 Hours,5,3
Computer Science and Engineering,Male,4.57,5.0,"Lower middle (15,000-30,000)",Village,5,0-1 Hour,0-1 Hour,80%-100%,No,5,No,11th,3.92,3.54,11,Lower middle,Lower middle,80%-100%,0-1 Hour,0-1 Hour,5,5
Computer Science and Engineering,Female,4.5,4.75,"Lower middle (15,000-30,000)",Village,1,More than 3 Hours,More than 3 Hours,80%-100%,No,5,No,10th,3.42,3.55,10,Lower middle,Lower middle,80%-100%,More than 3 Hours,More than 3 Hours,1,5
Computer Science and Engineering,Male,4.52,4.75,"Lower middle (15,000-30,000)",Village,1,More than 3 Hours,More than 3 Hours,80%-100%,No,3,No,10th,3.42,3.55,10,Lower middle,Lower middle,80%-100%,More than 3 Hours,More than 3 Hours,1,3
Computer Science and Engineering,Male,3.58,5.0,"Low (Below 15,000)",Village,3,2-3 Hours,More than 3 Hours,60%-79%,No,5,Yes,9th,3.57,3.56,9,Low,Low,60%-79%,More than 3 Hours,2-3 Hours,3,5
Computer Science and Engineering,Female,4.17,5.0,"Upper middle (30,000-50,000)",Village,4,2-3 Hours,More than 3 Hours,60%-79%,No,3,Yes,2nd,3.56,3.56,2,Upper middle,Upper middle,60%-79%,More than 3 Hours,2-3 Hours,4,3
Computer Science and Engineering,Female,4.25,5.0,"Lower middle (15,000-30,000)",Village,5,2-3 Hours,More than 3 Hours,60%-79%,No,5,Yes,2nd,3.56,3.56,2,Lower middle,Lower middle,60%-79%,More than 3 Hours,2-3 Hours,5,5
Computer Science and Engineering,Male,4.33,5.0,"High (Above 50,000)",Village,3,2-3 Hours,More than 3 Hours,60%-79%,No,5,Yes,2nd,3.56,3.56,2,High,High,60%-79%,More than 3 Hours,2-3 Hours,3,5
Computer Science and Engineering,Female,3.83,4.59,"Lower middle (15,000-30,000)",City,3,2-3 Hours,More than 3 Hours,60%-79%,No,3,Yes,2nd,3.56,3.56,2,Lower middle,Lower middle,60%-79%,More than 3 Hours,2-3 Hours,3,3
Computer Science and Engineering,Male,4.17,4.59,"Upper middle (30,000-50,000)",Village,3,2-3 Hours,More than 3 Hours,60%-79%,No,4,No,2nd,3.56,3.56,2,Upper middle,Upper middle,60%-79%,More than 3 Hours,2-3 Hours,3,4
Computer Science and Engineering,Female,4.17,5.0,"Low (Below 15,000)",Village,3,2-3 Hours,More than 3 Hours,60%-79%,No,3,Yes,2nd,3.56,3.56,2,Low,Low,60%-79%,More than 3 Hours,2-3 Hours,3,3
Computer Science and Engineering,Male,4.0,5.0,"High (Above 50,000)",Village,5,2-3 Hours,More than 3 Hours,60%-79%,No,3,Yes,2nd,3.56,3.56,2,High,High,60%-79%,More than 3 Hours,2-3 Hours,5,3
Computer Science and Engineering,Female,4.0,5.0,"High (Above 50,000)",City,3,2-3 Hours,More than 3 Hours,60%-79%,No,3,Yes,2nd,3.56,3.56,2,High,High,60%-79%,More than 3 Hours,2-3 Hours,3,3
Computer Science and Engineering,Female,4.42,5.0,"High (Above 50,000)",City,4,2-3 Hours,More than 3 Hours,60%-79%,No,4,No,2nd,3.56,3.56,2,High,High,60%-79%,More than 3 Hours,2-3 Hours,4,4
Computer Science and Engineering,Male,3.92,4.18,"High (Above 50,000)",City,5,2-3 Hours,More than 3 Hours,60%-79%,No,3,Yes,2nd,3.56,3.56,2,High,High,60%-79%,More than 3 Hours,2-3 Hours,5,3
Computer Science and Engineering,Male,5.0,5.0,"Low (Below 15,000)",Village,1,0-1 Hour,More than 3 Hours,80%-100%,No,1,No,4th,3.64,3.6,4,Low,Low,80%-100%,More than 3 Hours,0-1 Hour,1,1
Computer Science and Engineering,Female,3.83,5.0,"High (Above 50,000)",City,5,2-3 Hours,More than 3 Hours,60%-79%,No,3,Yes,10th,3.61,3.6,10,High,High,60%-79%,More than 3 Hours,2-3 Hours,5,3
Computer Science and Engineering,Male,5.0,5.0,"Low (Below 15,000)",Village,3,2-3 Hours,More than 3 Hours,60%-79%,No,5,Yes,10th,3.62,3.6,10,Low,Low,60%-79%,More than 3 Hours,2-3 Hours,3,5
Computer Science and Engineering,Male,3.92,3.94,"Lower middle (15,000-30,000)",City,5,2-3 Hours,More than 3 Hours,60%-79%,No,3,Yes,9th,3.64,3.6,9,Lower middle,Lower middle,60%-79%,More than 3 Hours,2-3 Hours,5,3
Computer Science and Engineering,Male,3.67,4.44,"High (Above 50,000)",Village,5,2-3 Hours,More than 3 Hours,60%-79%,No,3,Yes,6th,3.63,3.6,6,High,High,60%-79%,More than 3 Hours,2-3 Hours,5,3
Computer Science and Engineering,Male,5.0,5.0,"Upper middle (30,000-50,000)",City,4,More than 3 Hours,2-3 Hours,80%-100%,Yes,5,Yes,4th,3.66,3.61,4,Upper middle,Upper middle,80%-100%,2-3 Hours,More than 3 Hours,4,5
Computer Science and Engineering,Female,4.16,4.67,"Upper middle (30,000-50,000)",City,3,2-3 Hours,More than 3 Hours,80%-100%,No,3,Yes,10th,3.66,3.62,10,Upper middle,Upper middle,80%-100%,More than 3 Hours,2-3 Hours,3,3
Computer Science and Engineering,Male,4.83,5.0,"Lower middle (15,000-30,000)",City,3,2-3 Hours,More than 3 Hours,60%-79%,No,3,Yes,2nd,3.63,3.63,2,Lower middle,Lower middle,60%-79%,More than 3 Hours,2-3 Hours,3,3
Computer Science and Engineering,Female,4.25,5.0,"Lower middle (15,000-30,000)",City,5,2-3 Hours,More than 3 Hours,60%-79%,No,3,Yes,2nd,3.63,3.63,2,Lower middle,Lower middle,60%-79%,More than 3 Hours,2-3 Hours,5,3
Computer Science and Engineering,Male,4.5,5.0,"Lower middle (15,000-30,000)",Village,3,0-1 Hour,2-3 Hours,80%-100%,No,4,No,11th,3.88,3.64,11,Lower middle,Lower middle,80%-100%,2-3 Hours,0-1 Hour,3,4
Computer Science and Engineering,Male,3.5,4.72,"High (Above 50,000)",City,3,2-3 Hours,More than 3 Hours,60%-79%,No,3,Yes,2nd,3.64,3.64,2,High,High,60%-79%,More than 3 Hours,2-3 Hours,3,3
Computer Science and Engineering,Female,3.75,5.0,"Low (Below 15,000)",Village,5,2-3 Hours,0-1 Hour,80%-100%,No,4,Yes,11th,3.71,3.65,11,Low,Low,80%-100%,0-1 Hour,2-3 Hours,5,4
Computer Science and Engineering,Female,5.0,5.0,"Upper middle (30,000-50,000)",City,3,2-3 Hours,0-1 Hour,80%-100%,Yes,3,No,4th,3.6,3.65,4,Upper middle,Upper middle,80%-100%,0-1 Hour,2-3 Hours,3,3
Computer Science and Engineering,Male,4.42,5.0,"High (Above 50,000)",City,4,2-3 Hours,More than 3 Hours,80%-100%,No,4,No,10th,3.53,3.67,10,High,High,80%-100%,More than 3 Hours,2-3 Hours,4,4
Computer Science and Engineering,Male,4.5,5.0,"Upper middle (30,000-50,000)",City,5,2-3 Hours,2-3 Hours,60%-79%,No,3,No,10th,3.5,3.67,10,Upper middle,Upper middle,60%-79%,2-3 Hours,2-3 Hours,5,3
Computer Science and Engineering,Male,4.42,5.0,"Upper middle (30,000-50,000)",Village,5,2-3 Hours,More than 3 Hours,60%-79%,No,5,Yes,10th,3.55,3.67,10,Upper middle,Upper middle,60%-79%,More than 3 Hours,2-3 Hours,5,5
Computer Science and Engineering,Male,3.17,4.31,"High (Above 50,000)",Village,4,2-3 Hours,2-3 Hours,60%-79%,No,3,No,9th,3.5,3.67,9,High,High,60%-79%,2-3 Hours,2-3 Hours,4,3
Computer Science and Engineering,Female,3.67,4.38,"Upper middle (30,000-50,000)",Village,3,2-3 Hours,More than 3 Hours,80%-100%,No,4,No,8th,3.52,3.67,8,Upper middle,Upper middle,80%-100%,More than 3 Hours,2-3 Hours,3,4
Computer Science and Engineering,Male,3.83,4.94,"Upper middle (30,000-50,000)",City,4,2-3 Hours,2-3 Hours,60%-79%,No,3,No,8th,3.51,3.67,8,Upper middle,Upper middle,60%-79%,2-3 Hours,2-3 Hours,4,3
Computer Science and Engineering,Male,4.33,5.0,"High (Above 50,000)",Village,4,2-3 Hours,More than 3 Hours,80%-100%,No,4,No,8th,3.52,3.67,8,High,High,80%-100%,More than 3 Hours,2-3 Hours,4,4
Computer Science and Engineering,Male,4.5,5.0,"Low (Below 15,000)",Village,3,2-3 Hours,2-3 Hours,60%-79%,No,3,No,6th,3.5,3.67,6,Low,Low,60%-79%,2-3 Hours,2-3 Hours,3,3
Computer Science and Engineering,Male,4.08,5.0,"High (Above 50,000)",City,5,2-3 Hours,2-3 Hours,60%-79%,No,3,No,6th,3.5,3.67,6,High,High,60%-79%,2-3 Hours,2-3 Hours,5,3
Computer Science and Engineering,Male,5.0,5.0,"Low (Below 15,000)",City,5,2-3 Hours,2-3 Hours,60%-79%,No,3,No,5th,3.5,3.67,5,Low,Low,60%-79%,2-3 Hours,2-3 Hours,5,3
Computer Science and Engineering,Female,5.0,5.0,"High (Above 50,000)",City,5,2-3 Hours,More than 3 Hours,80%-100%,No,3,Yes,2nd,3.68,3.68,2,High,High,80%-100%,More than 3 Hours,2-3 Hours,5,3
Computer Science and Engineering,Male,4.42,5.0,"Low (Below 15,000)",Village,3,More than 3 Hours,2-3 Hours,80%-100%,No,2,Yes,2nd,3.69,3.69,2,Low,Low,80%-100%,2-3 Hours,More than 3 Hours,3,2
Computer Science and Engineering,Male,4.17,5.0,"Lower middle (15,000-30,000)",Village,3,More than 3 Hours,2-3 Hours,80%-100%,No,2,Yes,2nd,3.69,3.69,2,Lower middle,Lower middle,80%-100%,2-3 Hours,More than 3 Hours,3,2
Computer Science and Engineering,Male,4.0,4.0,"Upper middle (30,000-50,000)",Village,4,More than 3 Hours,2-3 Hours,80%-100%,No,3,Yes,10th,4.0,3.7,10,Upper middle,Upper middle,80%-100%,2-3 Hours,More than 3 Hours,4,3
Computer Science and Engineering,Male,4.17,5.0,"Upper middle (30,000-50,000)",City,4,2-3 Hours,2-3 Hours,80%-100%,Yes,4,Yes,10th,1.82,3.7,10,Upper middle,Upper middle,80%-100%,2-3 Hours,2-3 Hours,4,4
Computer Science and Engineering,Female,4.25,3.75,"Lower middle (15,000-30,000)",City,5,2-3 Hours,More than 3 Hours,60%-79%,No,3,Yes,10th,3.18,3.7,10,Lower middle,Lower middle,60%-79%,More than 3 Hours,2-3 Hours,5,3
Computer Science and Engineering,Male,3.14,4.44,"Upper middle (30,000-50,000)",City,5,2-3 Hours,More than 3 Hours,60%-79%,No,3,Yes,10th,3.2,3.7,10,Upper middle,Upper middle,60%-79%,More than 3 Hours,2-3 Hours,5,3
Computer Science and Engineering,Female,3.19,4.81,"Low (Below 15,000)",Village,4,2-3 Hours,More than 3 Hours,80%-100%,No,4,No,9th,3.16,3.7,9,Low,Low,80%-100%,More than 3 Hours,2-3 Hours,4,4
Computer Science and Engineering,Female,4.0,5.0,"Lower middle (15,000-30,000)",Village,5,2-3 Hours,More than 3 Hours,60%-79%,No,5,Yes,8th,3.19,3.7,8,Lower middle,Lower middle,60%-79%,More than 3 Hours,2-3 Hours,5,5
Computer Science and Engineering,Male,4.17,5.0,"High (Above 50,000)",City,3,2-3 Hours,More than 3 Hours,60%-79%,No,3,Yes,7th,3.17,3.7,7,High,High,60%-79%,More than 3 Hours,2-3 Hours,3,3
Computer Science and Engineering,Female,3.8,4.78,"High (Above 50,000)",Village,4,2-3 Hours,More than 3 Hours,60%-79%,No,4,No,6th,3.19,3.7,6,High,High,60%-79%,More than 3 Hours,2-3 Hours,4,4
Computer Science and Engineering,Male,3.75,4.78,"High (Above 50,000)",City,4,2-3 Hours,More than 3 Hours,60%-79%,No,4,No,5th,3.17,3.7,5,High,High,60%-79%,More than 3 Hours,2-3 Hours,4,4
Computer Science and Engineering,Male,4.5,5.0,"High (Above 50,000)",City,3,0-1 Hour,More than 3 Hours,80%-100%,No,5,Yes,5th,4.0,3.7,5,High,High,80%-100%,More than 3 Hours,0-1 Hour,3,5
Computer Science and Engineering,Male,4.17,4.95,"Low (Below 15,000)",Village,3,0-1 Hour,2-3 Hours,80%-100%,No,3,No,2nd,3.7,3.7,2,Low,Low,80%-100%,2-3 Hours,0-1 Hour,3,3
Computer Science and Engineering,Male,4.67,4.5,"Lower middle (15,000-30,000)",Village,3,0-1 Hour,2-3 Hours,80%-100%,No,3,No,2nd,3.7,3.7,2,Lower middle,Lower middle,80%-100%,2-3 Hours,0-1 Hour,3,3
Computer Science and Engineering,Male,5.0,5.0,"Low (Below 15,000)",Village,3,2-3 Hours,More than 3 Hours,80%-100%,No,3,No,2nd,3.71,3.71,2,Low,Low,80%-100%,More than 3 Hours,2-3 Hours,3,3
Computer Science and Engineering,Male,5.0,5.0,"Upper middle (30,000-50,000)",Village,4,2-3 Hours,More than 3 Hours,80%-100%,No,3,Yes,10th,3.73,3.71,10,Upper middle,Upper middle,80%-100%,More than 3 Hours,2-3 Hours,4,3
Computer Science and Engineering,Male,3.33,4.75,"High (Above 50,000)",Village,4,2-3 Hours,More than 3 Hours,80%-100%,No,4,No,9th,3.73,3.71,9,High,High,80%-100%,More than 3 Hours,2-3 Hours,4,4
Computer Science and Engineering,Male,3.58,4.78,"Upper middle (30,000-50,000)",Village,3,2-3 Hours,More than 3 Hours,80%-100%,No,4,No,7th,3.74,3.71,7,Upper middle,Upper middle,80%-100%,More than 3 Hours,2-3 Hours,3,4
Computer Science and Engineering,Male,4.42,4.81,"Low (Below 15,000)",Village,4,2-3 Hours,More than 3 Hours,80%-100%,No,4,No,10th,3.68,3.74,10,Low,Low,80%-100%,More than 3 Hours,2-3 Hours,4,4
Computer Science and Engineering,Female,4.5,5.0,"Lower middle (15,000-30,000)",Village,1,2-3 Hours,More than 3 Hours,80%-100%,No,5,Yes,10th,3.68,3.74,10,Lower middle,Lower middle,80%-100%,More than 3 Hours,2-3 Hours,1,5
Computer Science and Engineering,Male,5.0,5.0,"Upper middle (30,000-50,000)",Village,4,2-3 Hours,2-3 Hours,80%-100%,No,3,No,10th,3.85,3.74,10,Upper middle,Upper middle,80%-100%,2-3 Hours,2-3 Hours,4,3
Computer Science and Engineering,Female,5.0,5.0,"Upper middle (30,000-50,000)",Village,4,2-3 Hours,2-3 Hours,80%-100%,No,4,No,10th,3.85,3.74,10,Upper middle,Upper middle,80%-100%,2-3 Hours,2-3 Hours,4,4
Computer Science and Engineering,Female,4.0,4.44,"Lower middle (15,000-30,000)",City,4,2-3 Hours,More than 3 Hours,80%-100%,No,4,No,9th,3.66,3.74,9,Lower middle,Lower middle,80%-100%,More than 3 Hours,2-3 Hours,4,4
Computer Science and Engineering,Male,3.4,4.0,"Lower middle (15,000-30,000)",Village,3,More than 3 Hours,2-3 Hours,80%-100%,No,2,Yes,9th,3.7,3.74,9,Lower middle,Lower middle,80%-100%,2-3 Hours,More than 3 Hours,3,2
Computer Science and Engineering,Male,3.58,4.5,"High (Above 50,000)",Village,3,2-3 Hours,More than 3 Hours,80%-100%,No,5,Yes,8th,3.67,3.74,8,High,High,80%-100%,More than 3 Hours,2-3 Hours,3,5
Computer Science and Engineering,Female,4.67,5.0,"High (Above 50,000)",City,5,2-3 Hours,2-3 Hours,80%-100%,Yes,2,No,8th,3.87,3.74,8,High,High,80%-100%,2-3 Hours,2-3 Hours,5,2
Computer Science and Engineering,Male,4.08,5.0,"High (Above 50,000)",City,5,2-3 Hours,More than 3 Hours,80%-100%,No,3,Yes,6th,3.66,3.74,6,High,High,80%-100%,More than 3 Hours,2-3 Hours,5,3
Computer Science and Engineering,Male,3.83,4.83,"High (Above 50,000)",Village,1,2-3 Hours,More than 3 Hours,80%-100%,No,5,Yes,3rd,3.67,3.74,3,High,High,80%-100%,More than 3 Hours,2-3 Hours,1,5
Computer Science and Engineering,Female,4.0,5.0,"Lower middle (15,000-30,000)",Village,3,2-3 Hours,2-3 Hours,80%-100%,No,3,No,11th,3.9,3.75,11,Lower middle,Lower middle,80%-100%,2-3 Hours,2-3 Hours,3,3
Computer Science and Engineering,Female,4.0,5.0,"Low (Below 15,000)",Village,4,0-1 Hour,More than 3 Hours,80%-100%,No,5,No,11th,3.61,3.75,11,Low,Low,80%-100%,More than 3 Hours,0-1 Hour,4,5
Computer Science and Engineering,Male,4.25,5.0,"Low (Below 15,000)",Village,4,0-1 Hour,More than 3 Hours,60%-79%,No,4,No,10th,4.0,3.75,10,Low,Low,60%-79%,More than 3 Hours,0-1 Hour,4,4
Computer Science and Engineering,Male,5.0,5.0,"Lower middle (15,000-30,000)",City,3,0-1 Hour,More than 3 Hours,80%-100%,No,5,Yes,9th,4.0,3.75,9,Lower middle,Lower middle,80%-100%,More than 3 Hours,0-1 Hour,3,5
Computer Science and Engineering,Male,3.42,5.0,"Upper middle (30,000-50,000)",Village,4,0-1 Hour,More than 3 Hours,80%-100%,No,5,Yes,9th,4.0,3.75,9,Upper middle,Upper middle,80%-100%,More than 3 Hours,0-1 Hour,4,5
Computer Science and Engineering,Male,4.08,4.39,"Upper middle (30,000-50,000)",Village,5,0-1 Hour,More than 3 Hours,80%-100%,No,5,Yes,5th,4.0,3.75,5,Upper middle,Upper middle,80%-100%,More than 3 Hours,0-1 Hour,5,5
Computer Science and Engineering,Male,4.0,4.36,"High (Above 50,000)",Village,3,0-1 Hour,More than 3 Hours,80%-100%,No,5,Yes,3rd,4.0,3.75,3,High,High,80%-100%,More than 3 Hours,0-1 Hour,3,5
Computer Science and Engineering,Female,3.92,4.89,"Lower middle (15,000-30,000)",City,3,0-1 Hour,2-3 Hours,80%-100%,No,3,No,2nd,3.75,3.75,2,Lower middle,Lower middle,80%-100%,2-3 Hours,0-1 Hour,3,3
Computer Science and Engineering,Male,4.5,5.0,"Upper middle (30,000-50,000)",City,3,0-1 Hour,2-3 Hours,80%-100%,No,3,No,2nd,3.75,3.75,2,Upper middle,Upper middle,80%-100%,2-3 Hours,0-1 Hour,3,3
Computer Science and Engineering,Female,4.0,4.83,"High (Above 50,000)",Village,4,0-1 Hour,2-3 Hours,80%-100%,No,4,No,2nd,3.75,3.75,2,High,High,80%-100%,2-3 Hours,0-1 Hour,4,4
Computer Science and Engineering,Female,4.17,4.83,"Lower middle (15,000-30,000)",City,4,0-1 Hour,2-3 Hours,80%-100%,No,3,No,2nd,3.75,3.75,2,Lower middle,Lower middle,80%-100%,2-3 Hours,0-1 Hour,4,3
Computer Science and Engineering,Male,4.25,4.72,"High (Above 50,000)",City,3,0-1 Hour,2-3 Hours,80%-100%,No,5,Yes,2nd,3.75,3.75,2,High,High,80%-100%,2-3 Hours,0-1 Hour,3,5
Computer Science and Engineering,Female,3.5,5.0,"Lower middle (15,000-30,000)",City,3,0-1 Hour,2-3 Hours,80%-100%,No,3,No,2nd,3.75,3.75,2,Lower middle,Lower middle,80%-100%,2-3 Hours,0-1 Hour,3,3
Computer Science and Engineering,Male,4.25,5.0,"High (Above 50,000)",City,5,0-1 Hour,2-3 Hours,80%-100%,Yes,2,No,2nd,3.75,3.75,2,High,High,80%-100%,2-3 Hours,0-1 Hour,5,2
Computer Science and Engineering,Female,3.92,5.0,"Lower middle (15,000-30,000)",City,5,0-1 Hour,2-3 Hours,80%-100%,No,3,No,2nd,3.75,3.75,2,Lower middle,Lower middle,80%-100%,2-3 Hours,0-1 Hour,5,3
Computer Science and Engineering,Female,5.0,5.0,"Upper middle (30,000-50,000)",City,2,2-3 Hours,2-3 Hours,80%-100%,No,4,No,4th,3.66,3.76,4,Upper middle,Upper middle,80%-100%,2-3 Hours,2-3 Hours,2,4
Computer Science and Engineering,Male,4.58,5.0,"Upper middle (30,000-50,000)",Village,4,2-3 Hours,2-3 Hours,80%-100%,No,4,No,10th,3.89,3.78,10,Upper middle,Upper middle,80%-100%,2-3 Hours,2-3 Hours,4,4
Computer Science and Engineering,Female,5.0,5.0,"Upper middle (30,000-50,000)",City,5,2-3 Hours,0-1 Hour,80%-100%,No,3,Yes,10th,3.88,3.78,10,Upper middle,Upper middle,80%-100%,0-1 Hour,2-3 Hours,5,3
Computer Science and Engineering,Male,4.25,5.0,"High (Above 50,000)",Village,2,2-3 Hours,0-1 Hour,80%-100%,No,3,Yes,5th,3.88,3.78,5,High,High,80%-100%,0-1 Hour,2-3 Hours,2,3
Computer Science and Engineering,Male,4.75,5.0,"Lower middle (15,000-30,000)",Village,4,0-1 Hour,More than 3 Hours,80%-100%,Yes,3,Yes,10th,3.75,3.8,10,Lower middle,Lower middle,80%-100%,More than 3 Hours,0-1 Hour,4,3
Computer Science and Engineering,Male,5.0,5.0,"Lower middle (15,000-30,000)",City,5,0-1 Hour,More than 3 Hours,80%-100%,No,4,No,4th,3.9,3.8,4,Lower middle,Lower middle,80%-100%,More than 3 Hours,0-1 Hour,5,4
Computer Science and Engineering,Male,3.83,4.69,"Upper middle (30,000-50,000)",Village,5,0-1 Hour,2-3 Hours,80%-100%,No,4,No,10th,3.9,3.8,10,Upper middle,Upper middle,80%-100%,2-3 Hours,0-1 Hour,5,4
Computer Science and Engineering,Male,4.5,4.61,"High (Above 50,000)",City,5,0-1 Hour,0-1 Hour,80%-100%,No,3,Yes,6th,3.93,3.8,6,High,High,80%-100%,0-1 Hour,0-1 Hour,5,3
Computer Science and Engineering,Female,4.42,4.77,"Low (Below 15,000)",Village,3,0-1 Hour,0-1 Hour,80%-100%,No,3,Yes,3rd,3.92,3.8,3,Low,Low,80%-100%,0-1 Hour,0-1 Hour,3,3
Computer Science and Engineering,Female,4.08,5.0,"Lower middle (15,000-30,000)",Village,4,More than 3 Hours,More than 3 Hours,80%-100%,No,5,Yes,2nd,3.81,3.81,2,Lower middle,Lower middle,80%-100%,More than 3 Hours,More than 3 Hours,4,5
Computer Science and Engineering,Female,4.08,4.82,"Lower middle (15,000-30,000)",City,5,More than 3 Hours,More than 3 Hours,80%-100%,No,5,Yes,2nd,3.81,3.81,2,Lower middle,Lower middle,80%-100%,More than 3 Hours,More than 3 Hours,5,5
Computer Science and Engineering,Female,4.5,4.95,"Upper middle (30,000-50,000)",City,5,More than 3 Hours,More than 3 Hours,80%-100%,No,5,Yes,2nd,3.81,3.81,2,Upper middle,Upper middle,80%-100%,More than 3 Hours,More than 3 Hours,5,5
Computer Science and Engineering,Male,5.0,5.0,"Lower middle (15,000-30,000)",Village,5,More than 3 Hours,More than 3 Hours,80%-100%,No,5,Yes,2nd,3.81,3.81,2,Lower middle,Lower middle,80%-100%,More than 3 Hours,More than 3 Hours,5,5
Computer Science and Engineering,Male,4.17,4.95,"Lower middle (15,000-30,000)",City,5,More than 3 Hours,More than 3 Hours,80%-100%,No,5,Yes,2nd,3.81,3.81,2,Lower middle,Lower middle,80%-100%,More than 3 Hours,More than 3 Hours,5,5
Computer Science and Engineering,Female,4.17,5.0,"Lower middle (15,000-30,000)",City,5,More than 3 Hours,More than 3 Hours,80%-100%,No,5,Yes,2nd,3.81,3.81,2,Lower middle,Lower middle,80%-100%,More than 3 Hours,More than 3 Hours,5,5
Computer Science and Engineering,Female,4.33,4.59,"High (Above 50,000)",City,5,More than 3 Hours,More than 3 Hours,80%-100%,No,5,Yes,2nd,3.81,3.81,2,High,High,80%-100%,More than 3 Hours,More than 3 Hours,5,5
Computer Science and Engineering,Male,3.83,5.0,"Lower middle (15,000-30,000)",City,4,More than 3 Hours,More than 3 Hours,80%-100%,No,5,Yes,2nd,3.81,3.81,2,Lower middle,Lower middle,80%-100%,More than 3 Hours,More than 3 Hours,4,5
Computer Science and Engineering,Male,4.42,4.68,"High (Above 50,000)",Village,3,0-1 Hour,0-1 Hour,80%-100%,No,3,Yes,2nd,3.84,3.84,2,High,High,80%-100%,0-1 Hour,0-1 Hour,3,3
Computer Science and Engineering,Male,4.83,4.89,"Lower middle (15,000-30,000)",City,3,2-3 Hours,0-1 Hour,80%-100%,No,4,No,5th,3.67,3.87,5,Lower middle,Lower middle,80%-100%,0-1 Hour,2-3 Hours,3,4
Computer Science and Engineering,Female,5.0,4.61,"Lower middle (15,000-30,000)",Village,1,2-3 Hours,2-3 Hours,80%-100%,No,3,No,2nd,3.88,3.88,2,Lower middle,Lower middle,80%-100%,2-3 Hours,2-3 Hours,1,3
Computer Science and Engineering,Female,4.08,5.0,"Low (Below 15,000)",City,5,2-3 Hours,0-1 Hour,80%-100%,No,3,Yes,2nd,3.88,3.88,2,Low,Low,80%-100%,0-1 Hour,2-3 Hours,5,3
Computer Science and Engineering,Male,4.5,4.89,"High (Above 50,000)",Village,3,2-3 Hours,0-1 Hour,80%-100%,No,3,Yes,2nd,3.88,3.88,2,High,High,80%-100%,0-1 Hour,2-3 Hours,3,3
Computer Science and Engineering,Female,5.0,5.0,"Lower middle (15,000-30,000)",City,2,2-3 Hours,0-1 Hour,80%-100%,No,3,Yes,2nd,3.88,3.88,2,Lower middle,Lower middle,80%-100%,0-1 Hour,2-3 Hours,2,3
Computer Science and Engineering,Male,4.42,5.0,"High (Above 50,000)",City,3,2-3 Hours,0-1 Hour,80%-100%,Yes,5,No,2nd,3.88,3.88,2,High,High,80%-100%,0-1 Hour,2-3 Hours,3,5
Computer Science and Engineering,Male,4.25,5.0,"Low (Below 15,000)",Village,5,2-3 Hours,0-1 Hour,80%-100%,No,3,Yes,2nd,3.88,3.88,2,Low,Low,80%-100%,0-1 Hour,2-3 Hours,5,3
Computer Science and Engineering,Male,5.0,5.0,"Lower middle (15,000-30,000)",City,5,2-3 Hours,0-1 Hour,80%-100%,No,3,Yes,2nd,3.88,3.88,2,Lower middle,Lower middle,80%-100%,0-1 Hour,2-3 Hours,5,3
Computer Science and Engineering,Male,5.0,5.0,"Lower middle (15,000-30,000)",Village,4,2-3 Hours,2-3 Hours,80%-100%,No,4,Yes,2nd,3.89,3.89,2,Lower middle,Lower middle,80%-100%,2-3 Hours,2-3 Hours,4,4
Computer Science and Engineering,Female,5.0,5.0,"Low (Below 15,000)",Village,1,More than 3 Hours,2-3 Hours,80%-100%,No,1,No,2nd,3.91,3.91,2,Low,Low,80%-100%,2-3 Hours,More than 3 Hours,1,1
Computer Science and Engineering,Female,5.0,5.0,"High (Above 50,000)",Village,3,0-1 Hour,0-1 Hour,80%-100%,No,3,Yes,2nd,3.93,3.93,2,High,High,80%-100%,0-1 Hour,0-1 Hour,3,3
Computer Science and Engineering,Female,4.17,5.0,"High (Above 50,000)",City,4,2-3 Hours,0-1 Hour,80%-100%,No,3,Yes,10th,3.94,3.94,10,High,High,80%-100%,0-1 Hour,2-3 Hours,4,3
Computer Science and Engineering,Female,5.0,5.0,"Upper middle (30,000-50,000)",City,5,2-3 Hours,0-1 Hour,80%-100%,No,3,Yes,10th,3.97,3.94,10,Upper middle,Upper middle,80%-100%,0-1 Hour,2-3 Hours,5,3
Computer Science and Engineering,Male,4.75,5.0,"Lower middle (15,000-30,000)",City,5,2-3 Hours,0-1 Hour,80%-100%,No,3,Yes,10th,3.94,3.94,10,Lower middle,Lower middle,80%-100%,0-1 Hour,2-3 Hours,5,3
Computer Science and Engineering,Male,5.0,5.0,"Lower middle (15,000-30,000)",Village,5,2-3 Hours,0-1 Hour,80%-100%,Yes,5,No,6th,3.98,3.94,6,Lower middle,Lower middle,80%-100%,0-1 Hour,2-3 Hours,5,5
Computer Science and Engineering,Female,4.3,5.0,"Upper middle (30,000-50,000)",Village,5,2-3 Hours,0-1 Hour,80%-100%,No,3,Yes,6th,3.94,3.94,6,Upper middle,Upper middle,80%-100%,0-1 Hour,2-3 Hours,5,3
Computer Science and Engineering,Male,3.81,4.39,"Upper middle (30,000-50,000)",Village,3,2-3 Hours,0-1 Hour,80%-100%,No,3,Yes,2nd,3.94,3.94,2,Upper middle,Upper middle,80%-100%,0-1 Hour,2-3 Hours,3,3
Computer Science and Engineering,Male,4.0,4.39,"High (Above 50,000)",Village,2,2-3 Hours,0-1 Hour,80%-100%,No,3,Yes,2nd,3.94,3.94,2,High,High,80%-100%,0-1 Hour,2-3 Hours,2,3
Computer Science and Engineering,Female,4.42,5.0,"High (Above 50,000)",City,3,2-3 Hours,0-1 Hour,80%-100%,No,3,Yes,2nd,3.94,3.94,2,High,High,80%-100%,0-1 Hour,2-3 Hours,3,3
Computer Science and Engineering,Male,4.17,4.82,"Lower middle (15,000-30,000)",Village,2,2-3 Hours,0-1 Hour,80%-100%,No,3,Yes,2nd,3.94,3.94,2,Lower middle,Lower middle,80%-100%,0-1 Hour,2-3 Hours,2,3
Computer Science and Engineering,Male,3.75,4.78,"Upper middle (30,000-50,000)",City,2,2-3 Hours,0-1 Hour,80%-100%,No,3,Yes,2nd,3.94,3.94,2,Upper middle,Upper middle,80%-100%,0-1 Hour,2-3 Hours,2,3
Computer Science and Engineering,Male,4.42,4.95,"Upper middle (30,000-50,000)",Village,2,2-3 Hours,0-1 Hour,80%-100%,No,3,Yes,2nd,3.94,3.94,2,Upper middle,Upper middle,80%-100%,0-1 Hour,2-3 Hours,2,3
Computer Science and Engineering,Female,5.0,5.0,"High (Above 50,000)",Village,5,2-3 Hours,0-1 Hour,80%-100%,No,3,Yes,2nd,3.94,3.94,2,High,High,80%-100%,0-1 Hour,2-3 Hours,5,3
Computer Science and Engineering,Female,4.0,4.68,"Lower middle (15,000-30,000)",City,5,2-3 Hours,0-1 Hour,80%-100%,No,3,Yes,2nd,3.94,3.94,2,Lower middle,Lower middle,80%-100%,0-1 Hour,2-3 Hours,5,3
Computer Science and Engineering,Male,4.5,4.75,"Upper middle (30,000-50,000)",Village,1,More than 3 Hours,0-1 Hour,80%-100%,No,4,No,8th,4.0,3.95,8,Upper middle,Upper middle,80%-100%,0-1 Hour,More than 3 Hours,1,4
Computer Science and Engineering,Male,5.0,5.0,"Lower middle (15,000-30,000)",City,4,2-3 Hours,2-3 Hours,80%-100%,No,4,Yes,4th,4.0,3.96,4,Lower middle,Lower middle,80%-100%,2-3 Hours,2-3 Hours,4,4
Computer Science and Engineering,Male,4.58,5.0,"Lower middle (15,000-30,000)",City,5,0-1 Hour,More than 3 Hours,80%-100%,No,3,No,11th,4.0,3.98,11,Lower middle,Lower middle,80%-100%,More than 3 Hours,0-1 Hour,5,3
Computer Science and Engineering,Male,5.0,5.0,"Upper middle (30,000-50,000)",City,5,0-1 Hour,More than 3 Hours,60%-79%,No,4,Yes,4th,4.0,4.0,4,Upper middle,Upper middle,60%-79%,More than 3 Hours,0-1 Hour,5,4
Computer Science and Engineering,Female,5.0,5.0,"High (Above 50,000)",City,3,2-3 Hours,More than 3 Hours,80%-100%,No,4,No,3rd,4.0,4.0,3,High,High,80%-100%,More than 3 Hours,2-3 Hours,3,4
Computer Science and Engineering,Male,5.0,5.0,"Low (Below 15,000)",Village,4,0-1 Hour,More than 3 Hours,80%-100%,No,5,No,2nd,4.0,4.0,2,Low,Low,80%-100%,More than 3 Hours,0-1 Hour,4,5
Computer Science and Engineering,Male,5.0,5.0,"Low (Below 15,000)",Village,5,0-1 Hour,More than 3 Hours,80%-100%,No,3,No,2nd,4.0,4.0,2,Low,Low,80%-100%,More than 3 Hours,0-1 Hour,5,3
Computer Science and Engineering,Male,5.0,5.0,"Low (Below 15,000)",City,3,2-3 Hours,2-3 Hours,80%-100%,No,3,No,2nd,4.0,4.0,2,Low,Low,80%-100%,2-3 Hours,2-3 Hours,3,3
Computer Science and Engineering,Male,4.58,5.0,"High (Above 50,000)",City,5,0-1 Hour,More than 3 Hours,80%-100%,No,5,Yes,2nd,4.0,4.0,2,High,High,80%-100%,More than 3 Hours,0-1 Hour,5,5
Computer Science and Engineering,Female,4.92,5.0,"High (Above 50,000)",City,3,0-1 Hour,More than 3 Hours,80%-100%,No,5,Yes,2nd,4.0,4.0,2,High,High,80%-100%,More than 3 Hours,0-1 Hour,3,5
Computer Science and Engineering,Male,4.33,5.0,"Lower middle (15,000-30,000)",Village,3,0-1 Hour,More than 3 Hours,80%-100%,No,5,Yes,2nd,4.0,4.0,2,Lower middle,Lower middle,80%-100%,More than 3 Hours,0-1 Hour,3,5
Computer Science and Engineering,Male,5.0,5.0,"Lower middle (15,000-30,000)",City,3,0-1 Hour,More than 3 Hours,80%-100%,No,5,Yes,2nd,4.0,4.0,2,Lower middle,Lower middle,80%-100%,More than 3 Hours,0-1 Hour,3,5
Computer Science and Engineering,Female,5.0,5.0,"Lower middle (15,000-30,000)",Village,3,0-1 Hour,More than 3 Hours,80%-100%,No,5,Yes,2nd,4.0,4.0,2,Lower middle,Lower middle,80%-100%,More than 3 Hours,0-1 Hour,3,5
Computer Science and Engineering,Female,5.0,5.0,"Lower middle (15,000-30,000)",City,5,0-1 Hour,More than 3 Hours,80%-100%,No,5,Yes,2nd,4.0,4.0,2,Lower middle,Lower middle,80%-100%,More than 3 Hours,0-1 Hour,5,5
Computer Science and Engineering,Female,4.17,5.0,"Upper middle (30,000-50,000)",Village,4,0-1 Hour,More than 3 Hours,80%-100%,No,5,Yes,2nd,4.0,4.0,2,Upper middle,Upper middle,80%-100%,More than 3 Hours,0-1 Hour,4,5
Economics,Male,4.17,5.0,"Lower middle (15,000-30,000)",Village,3,0-1 Hour,More than 3 Hours,80%-100%,No,3,Yes,11th,3.14,3.7,11,Lower middle,Lower middle,80%-100%,More than 3 Hours,0-1 Hour,3,3
Economics,Male,4.75,4.83,"Low (Below 15,000)",Village,2,0-1 Hour,More than 3 Hours,60%-79%,No,2,Yes,4th,3.66,3.74,4,Low,Low,60%-79%,More than 3 Hours,0-1 Hour,2,2
Economics,Male,4.9,5.0,"High (Above 50,000)",City,4,2-3 Hours,2-3 Hours,80%-100%,No,4,Yes,10th,3.8,3.75,10,High,High,80%-100%,2-3 Hours,2-3 Hours,4,4
Economics,Male,5.0,4.83,"Lower middle (15,000-30,000)",Village,2,0-1 Hour,0-1 Hour,80%-100%,No,3,Yes,2nd,4.0,4.0,2,Lower middle,Lower middle,80%-100%,0-1 Hour,0-1 Hour,2,3
Electrical and Electronic Engineering,Male,3.42,4.33,"Lower middle (15,000-30,000)",City,4,2-3 Hours,2-3 Hours,80%-100%,Yes,2,Yes,7th,3.83,2.97,7,Lower middle,Lower middle,80%-100%,2-3 Hours,2-3 Hours,4,2
English,Female,3.5,4.2,"Upper middle (30,000-50,000)",City,2,More than 3 Hours,More than 3 Hours,60%-79%,No,2,Yes,6th,3.25,3.15,6,Upper middle,Upper middle,60%-79%,More than 3 Hours,More than 3 Hours,2,2
English,Male,4.33,4.39,"Lower middle (15,000-30,000)",Village,4,2-3 Hours,2-3 Hours,80%-100%,No,4,No,4th,3.25,3.32,4,Lower middle,Lower middle,80%-100%,2-3 Hours,2-3 Hours,4,4
English,Female,4.5,4.0,"Upper middle (30,000-50,000)",City,2,2-3 Hours,0-1 Hour,60%-79%,No,3,Yes,7th,3.33,3.33,7,Upper middle,Upper middle,60%-79%,0-1 Hour,2-3 Hours,2,3
English,Male,3.58,4.88,"Lower middle (15,000-30,000)",Village,3,0-1 Hour,2-3 Hours,60%-79%,No,4,Yes,11th,3.35,3.45,11,Lower middle,Lower middle,60%-79%,2-3 Hours,0-1 Hour,3,4
English,Female,5.0,5.0,"Lower middle (15,000-30,000)",Village,1,More than 3 Hours,2-3 Hours,80%-100%,No,3,Yes,5th,3.43,3.47,5,Lower middle,Lower middle,80%-100%,2-3 Hours,More than 3 Hours,1,3
English,Female,5.0,5.0,"Low (Below 15,000)",Village,1,0-1 Hour,More than 3 Hours,80%-100%,No,5,No,3rd,3.55,3.47,3,Low,Low,80%-100%,More than 3 Hours,0-1 Hour,1,5
English,Female,5.0,5.0,"Low (Below 15,000)",City,1,0-1 Hour,2-3 Hours,80%-100%,No,3,No,3rd,3.58,3.56,3,Low,Low,80%-100%,2-3 Hours,0-1 Hour,1,3
English,Male,4.25,4.41,"Upper middle (30,000-50,000)",Village,4,2-3 Hours,0-1 Hour,80%-100%,No,4,Yes,12th,3.66,3.6,12,Upper middle,Upper middle,80%-100%,0-1 Hour,2-3 Hours,4,4
English,Female,4.25,5.0,"Lower middle (15,000-30,000)",Village,3,0-1 Hour,2-3 Hours,80%-100%,No,4,Yes,10th,3.75,3.68,10,Lower middle,Lower middle,80%-100%,2-3 Hours,0-1 Hour,3,4
English,Female,4.25,5.0,"Lower middle (15,000-30,000)",City,4,2-3 Hours,2-3 Hours,80%-100%,No,4,No,10th,3.85,3.74,10,Lower middle,Lower middle,80%-100%,2-3 Hours,2-3 Hours,4,4
English,Female,4.25,4.68,"High (Above 50,000)",City,5,More than 3 Hours,More than 3 Hours,80%-100%,No,5,Yes,3rd,3.71,3.75,3,High,High,80%-100%,More than 3 Hours,More than 3 Hours,5,5
English,Male,5.0,5.0,"Lower middle (15,000-30,000)",City,2,0-1 Hour,0-1 Hour,80%-100%,No,4,Yes,4th,3.93,3.8,4,Lower middle,Lower middle,80%-100%,0-1 Hour,0-1 Hour,2,4
English,Female,4.58,5.0,"Lower middle (15,000-30,000)",Village,5,2-3 Hours,More than 3 Hours,80%-100%,No,5,Yes,3rd,3.83,3.83,3,Lower middle,Lower middle,80%-100%,More than 3 Hours,2-3 Hours,5,5
English,Male,5.0,5.0,"Lower middle (15,000-30,000)",Village,2,2-3 Hours,More than 3 Hours,80%-100%,No,3,Yes,4th,4.0,3.93,4,Lower middle,Lower middle,80%-100%,More than 3 Hours,2-3 Hours,2,3
"Journalism, Communication and Media Studies",Male,3.27,4.82,"Upper middle (30,000-50,000)",City,2,0-1 Hour,2-3 Hours,40%-59%,No,3,Yes,2nd,2.25,2.25,2,Upper middle,Upper middle,40%-59%,2-3 Hours,0-1 Hour,2,3
"Journalism, Communication and Media Studies",Female,4.67,4.56,"Upper middle (30,000-50,000)",City,3,2-3 Hours,More than 3 Hours,60%-79%,No,4,No,2nd,2.5,2.5,2,Upper middle,Upper middle,60%-79%,More than 3 Hours,2-3 Hours,3,4
"Journalism, Communication and Media Studies",Male,3.83,3.0,"Low (Below 15,000)",Village,2,2-3 Hours,More than 3 Hours,80%-100%,No,3,Yes,3rd,3.17,3.0,3,Low,Low,80%-100%,More than 3 Hours,2-3 Hours,2,3
"Journalism, Communication and Media Studies",Male,4.42,3.94,"Lower middle (15,000-30,000)",Village,5,2-3 Hours,More than 3 Hours,80%-100%,No,5,No,2nd,3.09,3.09,2,Lower middle,Lower middle,80%-100%,More than 3 Hours,2-3 Hours,5,5
"Journalism, Communication and Media Studies",Female,4.5,4.28,"Lower middle (15,000-30,000)",Village,2,2-3 Hours,0-1 Hour,80%-100%,No,2,Yes,2nd,3.17,3.17,2,Lower middle,Lower middle,80%-100%,0-1 Hour,2-3 Hours,2,2
"Journalism, Communication and Media Studies",Female,3.08,3.33,"Lower middle (15,000-30,000)",Village,3,2-3 Hours,More than 3 Hours,60%-79%,No,3,No,3rd,2.17,3.5,3,Lower middle,Lower middle,60%-79%,More than 3 Hours,2-3 Hours,3,3
"Journalism, Communication and Media Studies",Male,4.53,3.91,"Low (Below 15,000)",Village,5,0-1 Hour,0-1 Hour,80%-100%,No,2,Yes,3rd,3.83,3.5,3,Low,Low,80%-100%,0-1 Hour,0-1 Hour,5,2
"Journalism, Communication and Media Studies",Female,4.5,4.34,"High (Above 50,000)",Village,3,More than 3 Hours,0-1 Hour,80%-100%,No,5,Yes,2nd,3.5,3.5,2,High,High,80%-100%,0-1 Hour,More than 3 Hours,3,5
"Journalism, Communication and Media Studies",Male,4.0,4.0,"Upper middle (30,000-50,000)",City,3,2-3 Hours,More than 3 Hours,80%-100%,No,3,Yes,12th,3.56,3.6,12,Upper middle,Upper middle,80%-100%,More than 3 Hours,2-3 Hours,3,3
"Journalism, Communication and Media Studies",Female,2.85,3.64,"Low (Below 15,000)",City,4,2-3 Hours,More than 3 Hours,80%-100%,Yes,3,Yes,6th,3.5,3.67,6,Low,Low,80%-100%,More than 3 Hours,2-3 Hours,4,3
"Journalism, Communication and Media Studies",Male,4.0,4.33,"Upper middle (30,000-50,000)",City,3,2-3 Hours,0-1 Hour,80%-100%,No,3,Yes,11th,3.88,3.78,11,Upper middle,Upper middle,80%-100%,0-1 Hour,2-3 Hours,3,3
"Journalism, Communication and Media Studies",Male,3.17,3.17,"Lower middle (15,000-30,000)",City,3,0-1 Hour,More than 3 Hours,80%-100%,No,3,Yes,3rd,3.83,3.8,3,Lower middle,Lower middle,80%-100%,More than 3 Hours,0-1 Hour,3,3
"Journalism, Communication and Media Studies",Female,4.42,4.72,"Lower middle (15,000-30,000)",City,4,0-1 Hour,2-3 Hours,80%-100%,No,3,Yes,12th,4.0,4.0,12,Lower middle,Lower middle,80%-100%,2-3 Hours,0-1 Hour,4,3
Law and Human Rights,Female,5.0,5.0,"Low (Below 15,000)",Village,1,More than 3 Hours,2-3 Hours,80%-100%,No,4,Yes,2nd,3.69,3.69,2,Low,Low,80%-100%,2-3 Hours,More than 3 Hours,1,4
Law and Human Rights,Female,3.58,4.86,"Lower middle (15,000-30,000)",Village,1,0-1 Hour,2-3 Hours,60%-79%,No,1,Yes,4th,3.9,3.79,4,Lower middle,Lower middle,60%-79%,2-3 Hours,0-1 Hour,1,1
Political Science,Female,3.5,4.0,"Upper middle (30,000-50,000)",City,2,More than 3 Hours,More than 3 Hours,80%-100%,Yes,5,No,10th,3.15,2.85,10,Upper middle,Upper middle,80%-100%,More than 3 Hours,More than 3 Hours,2,5
Political Science,Male,5.0,4.94,"High (Above 50,000)",City,5,0-1 Hour,2-3 Hours,Below 40%,No,4,Yes,2nd,3.31,3.31,2,High,High,Below 40%,2-3 Hours,0-1 Hour,5,4
Political Science,Male,5.0,4.68,"Low (Below 15,000)",City,5,More than 3 Hours,More than 3 Hours,80%-100%,No,5,Yes,5th,3.56,3.56,5,Low,Low,80%-100%,More than 3 Hours,More than 3 Hours,5,5
Political Science,Female,4.25,3.72,"Lower middle (15,000-30,000)",Village,1,0-1 Hour,More than 3 Hours,80%-100%,Yes,1,Yes,2nd,3.68,3.68,2,Lower middle,Lower middle,80%-100%,More than 3 Hours,0-1 Hour,1,1
Political Science,Female,5.0,4.89,"High (Above 50,000)",Village,2,2-3 Hours,2-3 Hours,80%-100%,No,2,Yes,3rd,3.88,3.88,3,High,High,80%-100%,2-3 Hours,2-3 Hours,2,2
Political Science,Male,5.0,4.78,"Lower middle (15,000-30,000)",Village,1,2-3 Hours,0-1 Hour,80%-100%,No,1,Yes,2nd,3.94,3.94,2,Lower middle,Lower middle,80%-100%,0-1 Hour,2-3 Hours,1,1
Public Health,Male,3.5,4.0,"Lower middle (15,000-30,000)",Village,2,More than 3 Hours,2-3 Hours,40%-59%,Yes,2,Yes,7th,3.25,3.1,7,Lower middle,Lower middle,40%-59%,2-3 Hours,More than 3 Hours,2,2
Public Health,Male,4.5,4.0,"Upper middle (30,000-50,000)",City,4,2-3 Hours,2-3 Hours,60%-79%,No,3,Yes,9th,3.5,3.67,9,Upper middle,Upper middle,60%-79%,2-3 Hours,2-3 Hours,4,3
Sociology,Female,4.56,3.67,"Lower middle (15,000-30,000)",City,3,0-1 Hour,2-3 Hours,40%-59%,No,2,No,2nd,3.56,3.56,2,Lower middle,Lower middle,40%-59%,2-3 Hours,0-1 Hour,3,2
Sociology,Male,4.23,4.5,"Low (Below 15,000)",Village,3,More than 3 Hours,2-3 Hours,80%-100%,No,3,Yes,10th,3.61,3.75,10,Low,Low,80%-100%,2-3 Hours,More than 3 Hours,3,3
Sociology,Female,3.83,5.0,"Lower middle (15,000-30,000)",Village,3,More than 3 Hours,2-3 Hours,80%-100%,No,4,Yes,12th,4.0,3.86,12,Lower middle,Lower middle,80%-100%,2-3 Hours,More than 3 Hours,3,4
